customer_id,full_name,gender,date_of_birth,city,membership_type,join_date,age,age_group,tenure_years
1,Amaira Maharaj,Female,1971-08-12,Hyderabad,Regular,2023-05-29,55,46-60,3.2
2,Caleb Sami,Male,1962-01-08,Bengaluru,Regular,2023-04-10,64,60+,3.3
3,Yashawini Bala,Female,1985-11-05,Jodhpur,Regular,2025-02-01,40,31-45,1.5
4,Thomas Sen,Other,1987-02-09,Udaipur,Platinum,2025-05-12,39,31-45,1.2
5,Gauri Sami,Female,1975-11-26,Ahmedabad,Regular,2023-06-15,50,46-60,3.1
6,Dalaja Chanda,Female,1977-09-08,Jaipur,Silver,2024-01-18,48,46-60,2.5
7,Kevin Bassi,Male,1993-06-05,Hyderabad,Silver,2024-07-25,33,31-45,2.0
8,Balveer Memon,Male,1997-11-30,Jodhpur,Regular,2024-10-20,28,21-30,1.8
9,Gopal Boase,Male,1962-08-27,Lucknow,Regular,2023-08-31,63,60+,2.9
10,Balveer Kaul,Male,1999-08-01,Hyderabad,Regular,2024-02-09,27,21-30,2.5
11,Rajata Gaba,Female,1977-04-01,Udaipur,Regular,2023-08-12,49,46-60,3.0
12,Bimala Garg,Female,1984-08-17,Chennai,Silver,2023-09-18,41,31-45,2.9
13,Ranveer Madan,Male,2005-02-12,Udaipur,Regular,2024-11-12,21,21-30,1.7
14,Nicholas Bhalla,Male,1970-11-24,Ahmedabad,Regular,2023-02-04,55,46-60,3.5
15,Sai Loyal,Male,1963-07-27,Pune,Silver,2025-08-30,63,60+,0.9
16,Jagvi Tata,Female,1978-05-24,Mumbai,Silver,2025-08-31,48,46-60,0.9
17,Luke Lanka,Other,1966-11-15,Hyderabad,Regular,2025-03-04,59,46-60,1.4
18,Tanish Rastogi,Male,1976-11-17,Udaipur,Regular,2025-11-28,49,46-60,0.7
19,Yatin Chand,Male,1994-08-08,Hyderabad,Gold,2025-07-06,32,31-45,1.1
20,Nathaniel Sami,Other,1987-06-06,Bengaluru,Gold,2024-02-14,39,31-45,2.5
21,Zarna Krishnamurthy,Female,2004-04-15,Ahmedabad,Silver,2025-07-05,22,21-30,1.1
22,Deepa Yadav,Female,1994-05-19,New Delhi,Gold,2025-03-29,32,31-45,1.4
23,Dayita Memon,Female,1980-02-26,Jodhpur,Gold,2024-04-28,46,46-60,2.3
24,Zashil Gokhale,Male,1983-06-09,Mumbai,Regular,2023-04-24,43,31-45,3.3
25,Zehaan Issac,Male,1967-06-21,New Delhi,Regular,2025-03-23,59,46-60,1.4
26,Neel Suresh,Male,1961-06-20,Bengaluru,Silver,2025-09-16,65,60+,0.9
27,Kashvi Bhardwaj,Female,1971-06-06,Ahmedabad,Regular,2024-08-27,55,46-60,1.9
28,Brijesh Sunder,Male,1997-04-24,Udaipur,Gold,2025-11-07,29,21-30,0.7
29,Devansh Soman,Male,2003-03-14,Surat,Platinum,2023-06-25,23,21-30,3.1
30,Hitesh Zacharia,Male,1994-07-30,Chennai,Regular,2025-01-04,32,31-45,1.6
31,Sudiksha Prakash,Female,1980-04-21,Bengaluru,Regular,2024-07-05,46,46-60,2.1
32,Krishna Kar,Female,1963-06-22,Jodhpur,Regular,2023-01-23,63,60+,3.5
33,Imaran Amble,Male,1963-10-14,Ahmedabad,Regular,2024-11-03,62,60+,1.8
34,Bhavna Balay,Female,1999-04-10,New Delhi,Regular,2023-03-17,27,21-30,3.4
35,Liam Sunder,Male,1970-03-26,Jaipur,Gold,2023-05-21,56,46-60,3.2
36,Keya Solanki,Female,1996-12-05,Pune,Silver,2023-07-22,29,21-30,3.0
37,Tanveer Pandya,Male,1979-08-26,Surat,Regular,2024-05-12,46,46-60,2.2
38,Chandran Bhat,Male,1978-09-16,Ahmedabad,Platinum,2023-12-28,47,46-60,2.6
39,Kritika Handa,Female,1969-02-24,Pune,Gold,2024-04-22,57,46-60,2.3
40,Gavin Mallick,Male,1981-05-29,Pune,Platinum,2025-07-20,45,31-45,1.0
41,Timothy Chaudhari,Male,1962-11-13,Ahmedabad,Regular,2025-11-30,63,60+,0.7
42,Chakradhar Khalsa,Male,1968-01-28,Lucknow,Silver,2024-06-01,58,46-60,2.2
43,Suhani Bhargava,Female,1967-12-31,Jodhpur,Regular,2023-01-03,58,46-60,3.6
44,Libni Sha,Female,1973-06-05,Bengaluru,Gold,2025-01-11,53,46-60,1.6
45,Garima Gupta,Female,1973-12-10,Jaipur,Silver,2025-10-28,52,46-60,0.8
46,Naksh Bhandari,Male,1962-11-06,Lucknow,Platinum,2024-05-22,63,60+,2.2
47,Ayush Trivedi,Male,1964-03-12,Lucknow,Regular,2023-07-17,62,60+,3.1
48,Jacob Raval,Male,1965-12-26,Hyderabad,Silver,2025-08-06,60,46-60,1.0
49,Anusha Bumb,Female,1979-06-16,Jodhpur,Silver,2024-09-13,47,46-60,1.9
50,Leena Jayaraman,Female,1990-09-23,Jodhpur,Silver,2023-12-01,35,31-45,2.7
51,Rudra Deep,Male,1990-10-25,Surat,Silver,2023-11-16,35,31-45,2.7
52,Balhaar Andra,Male,1981-03-19,Hyderabad,Regular,2025-11-29,45,31-45,0.7
53,Balhaar Yogi,Male,1970-03-08,New Delhi,Regular,2023-10-10,56,46-60,2.8
54,Bakhshi Konda,Male,1977-03-21,Surat,Silver,2023-06-18,49,46-60,3.1
55,Abhiram Mistry,Other,2002-07-09,Chennai,Regular,2023-04-21,24,21-30,3.3
56,Kevin D’Alia,Male,2000-08-17,Ahmedabad,Regular,2025-03-01,25,21-30,1.4
57,Laban Manda,Male,1987-10-22,Udaipur,Regular,2025-02-03,38,31-45,1.5
58,Kevin Tiwari,Male,1982-07-29,Udaipur,Regular,2025-08-22,44,31-45,1.0
59,Chakradhar Sampath,Male,1997-11-29,Lucknow,Platinum,2023-02-16,28,21-30,3.5
60,Dhruv Lala,Male,1967-11-11,New Delhi,Platinum,2024-04-15,58,46-60,2.3
61,Aarna Choudhury,Female,1963-12-23,Surat,Platinum,2025-07-29,62,60+,1.0
62,Andrew Pingle,Male,1986-10-21,Hyderabad,Gold,2023-06-07,39,31-45,3.2
63,Benjamin Morar,Other,1976-12-31,Pune,Silver,2025-09-20,49,46-60,0.9
64,Praneel Kade,Male,1991-04-14,Chennai,Regular,2024-12-11,35,31-45,1.6
65,Samar Dubey,Male,2002-04-01,Mumbai,Platinum,2023-09-10,24,21-30,2.9
66,Hema Sachar,Female,1961-09-15,Pune,Regular,2025-02-23,64,60+,1.4
67,Samesh Kothari,Male,1972-08-06,Jodhpur,Gold,2025-04-18,54,46-60,1.3
68,Sai Barad,Female,1999-03-24,Jaipur,Regular,2023-08-25,27,21-30,2.9
69,Pushti Mody,Female,1997-07-07,Pune,Regular,2025-07-16,29,21-30,1.1
70,Amaira Hans,Female,1978-07-10,Bengaluru,Gold,2023-10-24,48,46-60,2.8
71,Liam Panchal,Male,1989-06-16,Ahmedabad,Regular,2024-03-01,37,31-45,2.4
72,Akshay D’Alia,Male,2000-01-22,Udaipur,Silver,2023-10-06,26,21-30,2.8
73,Anirudh Chopra,Male,1987-06-09,Ahmedabad,Silver,2024-01-04,39,31-45,2.6
74,Tejas Vaidya,Male,1965-10-17,Jodhpur,Platinum,2025-08-15,60,46-60,1.0
75,Lakshmi Basu,Female,1992-06-26,Udaipur,Regular,2023-01-02,34,31-45,3.6
76,Qabil Sankar,Male,1963-09-28,Bengaluru,Gold,2024-12-08,62,60+,1.7
77,Nirja Dash,Female,1992-12-23,New Delhi,Regular,2023-11-16,33,31-45,2.7
78,Samarth Narain,Male,1978-09-12,Ahmedabad,Silver,2023-11-11,47,46-60,2.7
79,Gopal Salvi,Male,1990-07-06,Surat,Regular,2024-02-08,36,31-45,2.5
80,Matthew Ravi,Male,1985-03-31,Hyderabad,Silver,2023-01-01,41,31-45,3.6
81,Henry Sani,Male,1995-12-13,New Delhi,Gold,2024-10-08,30,21-30,1.8
82,Viraj Sathe,Male,1980-06-27,New Delhi,Silver,2023-08-16,46,46-60,3.0
83,Frado Chad,Male,1973-05-12,Pune,Silver,2024-12-08,53,46-60,1.7
84,Charita Keer,Female,1990-11-13,Ahmedabad,Silver,2023-08-28,35,31-45,2.9
85,Ethan Bakshi,Male,1962-09-02,Pune,Silver,2025-11-13,63,60+,0.7
86,Vedant Sachdeva,Male,2000-06-19,Bengaluru,Regular,2024-09-05,26,21-30,1.9
87,Yachana Ratta,Female,1971-07-28,Lucknow,Platinum,2024-11-29,55,46-60,1.7
88,Chatresh Sandal,Male,1970-06-09,Surat,Gold,2025-05-06,56,46-60,1.2
89,Arya Krish,Female,2001-11-16,Pune,Silver,2023-05-10,24,21-30,3.2
90,Vedika Wali,Female,2005-01-17,Lucknow,Gold,2024-09-26,21,21-30,1.9
91,Yashawini Sandhu,Female,1997-12-19,Lucknow,Silver,2024-08-06,28,21-30,2.0
92,Wazir Sengupta,Male,1972-04-03,Surat,Silver,2023-09-21,54,46-60,2.9
93,Yoshita Sundaram,Female,1988-10-17,New Delhi,Gold,2023-10-20,37,31-45,2.8
94,Mekhala Keer,Female,1972-10-25,Lucknow,Regular,2023-12-07,53,46-60,2.7
95,Ekantika Dora,Female,1970-12-31,Jaipur,Regular,2025-01-09,55,46-60,1.6
96,Azad Sachdeva,Male,1978-12-07,Chennai,Regular,2024-07-31,47,46-60,2.0
97,Bhavani Jhaveri,Female,1998-01-26,Lucknow,Regular,2024-02-19,28,21-30,2.5
98,Sachi Sood,Female,1960-11-08,Surat,Gold,2024-01-10,65,60+,2.6
99,Ubika Yohannan,Female,1994-03-25,Ahmedabad,Silver,2024-08-04,32,31-45,2.0
100,Yagnesh Kanda,Male,1972-11-14,Jodhpur,Regular,2024-06-01,53,46-60,2.2
101,Om Ravel,Male,1993-03-06,New Delhi,Regular,2025-06-14,33,31-45,1.1
102,Agastya Ramesh,Male,1987-03-24,Ahmedabad,Silver,2024-12-07,39,31-45,1.7
103,Tanish Deshmukh,Male,1999-08-07,Surat,Gold,2023-07-13,27,21-30,3.1
104,Sachi Narang,Female,1970-02-11,Pune,Gold,2023-12-15,56,46-60,2.6
105,Maya Sama,Female,1971-12-11,Mumbai,Regular,2023-03-29,54,46-60,3.4
106,Atharv Palla,Male,1970-09-06,Pune,Regular,2023-03-15,55,46-60,3.4
107,Amruta Kota,Female,1969-07-24,Surat,Silver,2023-01-22,57,46-60,3.5
108,Kashvi Date,Female,1981-11-25,Bengaluru,Regular,2023-05-02,44,31-45,3.3
109,Vidhi Kunda,Female,1995-02-06,Surat,Platinum,2023-06-28,31,31-45,3.1
110,Finn Mukhopadhyay,Male,1965-06-15,Jodhpur,Regular,2023-01-28,61,60+,3.5
111,Riya Ranganathan,Female,2002-12-16,Chennai,Gold,2023-07-31,23,21-30,3.0
112,Dalaja Mitra,Female,1998-11-08,New Delhi,Platinum,2024-10-01,27,21-30,1.8
113,Ansh Palan,Male,1984-07-25,Surat,Regular,2024-12-05,42,31-45,1.7
114,Zehaan Om,Male,1961-02-27,Jodhpur,Gold,2024-03-23,65,60+,2.4
115,Chatresh Sant,Male,2003-10-29,Mumbai,Silver,2024-11-07,22,21-30,1.7
116,Ganga Saran,Female,1968-07-07,Ahmedabad,Regular,2024-07-09,58,46-60,2.1
117,Warhi Shroff,Female,1980-03-11,Lucknow,Regular,2025-02-17,46,46-60,1.5
118,Ojasvi Korpal,Female,1997-12-21,Jaipur,Regular,2023-04-03,28,21-30,3.3
119,Keya Shetty,Female,1986-03-27,Jodhpur,Silver,2024-12-12,40,31-45,1.6
120,Akshay Talwar,Male,1998-11-19,Bengaluru,Regular,2023-07-13,27,21-30,3.1
121,Raagini Kuruvilla,Female,1975-11-27,New Delhi,Regular,2025-07-26,50,46-60,1.0
122,Abdul Varughese,Male,2003-04-03,New Delhi,Silver,2023-04-02,23,21-30,3.3
123,Yash Khosla,Male,1991-09-01,Hyderabad,Platinum,2024-11-18,34,31-45,1.7
124,Udarsh Badal,Male,1964-10-11,Pune,Regular,2023-08-25,61,60+,2.9
125,Michael Pillay,Male,1981-11-20,Udaipur,Silver,2024-07-19,44,31-45,2.0
126,Oni Pandey,Female,1992-03-21,Surat,Regular,2023-10-16,34,31-45,2.8
127,Kala Dara,Female,1993-01-18,New Delhi,Platinum,2023-12-03,33,31-45,2.7
128,Gopal Kalita,Male,1993-10-29,Jaipur,Gold,2023-10-22,32,31-45,2.8
129,Harish Hari,Other,1973-12-03,Hyderabad,Regular,2024-01-20,52,46-60,2.5
130,Abhimanyu Walla,Male,1966-04-15,Pune,Silver,2023-02-18,60,46-60,3.5
131,Mugdha Date,Female,1989-04-18,Lucknow,Regular,2025-03-12,37,31-45,1.4
132,Abha Mane,Female,1981-09-18,Bengaluru,Gold,2024-04-14,44,31-45,2.3
133,Atharv Krishnan,Male,2002-12-09,Ahmedabad,Platinum,2024-05-23,23,21-30,2.2
134,Sai Swamy,Male,1963-12-04,New Delhi,Gold,2024-11-01,62,60+,1.8
135,Forum Dixit,Female,1997-02-02,Mumbai,Silver,2025-10-07,29,21-30,0.8
136,Kritika Dani,Female,1985-09-14,Surat,Regular,2024-03-19,40,31-45,2.4
137,Ranveer Seshadri,Male,2001-06-22,New Delhi,Regular,2023-11-13,25,21-30,2.7
138,Michael Bhasin,Male,1988-01-09,Pune,Regular,2025-02-27,38,31-45,1.4
139,Jagvi Lalla,Female,1990-04-23,New Delhi,Gold,2023-06-17,36,31-45,3.1
140,Bishakha Dugar,Female,1960-09-16,Chennai,Silver,2024-04-24,65,60+,2.3
141,Mugdha Bali,Female,1971-01-03,Udaipur,Silver,2025-01-22,55,46-60,1.5
142,Balendra Kaur,Male,2002-03-02,New Delhi,Regular,2025-04-19,24,21-30,1.3
143,Simon Contractor,Male,1985-02-04,Jaipur,Platinum,2024-11-20,41,31-45,1.7
144,Ekavir Bora,Male,1963-04-11,Pune,Regular,2025-04-24,63,60+,1.3
145,Urvashi Dash,Female,1981-09-06,Surat,Regular,2023-11-20,44,31-45,2.7
146,Madhavi Tella,Female,1984-11-21,Bengaluru,Regular,2024-04-11,41,31-45,2.3
147,Upma Naidu,Female,1987-10-04,Udaipur,Regular,2023-01-28,38,31-45,3.5
148,Advaith Luthra,Male,1986-07-10,Jodhpur,Regular,2025-03-23,40,31-45,1.4
149,Wahab Venkataraman,Male,1989-11-28,Surat,Gold,2025-09-02,36,31-45,0.9
150,Urmi Swamy,Female,2004-03-13,Jodhpur,Silver,2024-05-15,22,21-30,2.2
151,Osha Nagi,Female,1990-09-30,Lucknow,Regular,2025-07-02,35,31-45,1.1
152,Samesh Tandon,Male,1973-07-24,Hyderabad,Platinum,2025-10-03,53,46-60,0.8
153,Utkarsh Chakrabarti,Male,1974-09-29,Lucknow,Silver,2023-12-11,51,46-60,2.6
154,Aadi Shere,Male,1979-03-10,Hyderabad,Silver,2023-07-19,47,46-60,3.0
155,Yahvi Sathe,Female,1994-10-16,Mumbai,Gold,2023-08-05,31,31-45,3.0
156,Mitali Sarma,Female,2000-03-24,Lucknow,Silver,2024-05-31,26,21-30,2.2
157,Kashvi Dutt,Female,1974-07-29,Hyderabad,Regular,2023-01-15,52,46-60,3.6
158,Chakradhar Kar,Male,2005-03-29,Lucknow,Regular,2025-08-30,21,21-30,0.9
159,Daniel Dube,Male,1983-01-07,Ahmedabad,Gold,2025-02-02,43,31-45,1.5
160,Sarthak Subramanian,Male,2004-09-13,New Delhi,Silver,2023-09-17,21,21-30,2.9
161,Rehaan Halder,Male,2002-01-27,Udaipur,Silver,2024-06-25,24,21-30,2.1
162,Bhavya Majumdar,Female,1995-05-12,Hyderabad,Silver,2025-06-28,31,31-45,1.1
163,Zehaan Loke,Male,1997-07-07,Jaipur,Silver,2023-10-29,29,21-30,2.8
164,Yash Dixit,Male,1980-09-07,Hyderabad,Silver,2024-05-30,45,31-45,2.2
165,Saanvi Shah,Female,2002-07-27,Jodhpur,Silver,2025-07-15,24,21-30,1.1
166,Sanaya Kaur,Female,1999-02-10,Chennai,Silver,2024-03-13,27,21-30,2.4
167,Warjas Raj,Male,1977-12-18,Mumbai,Regular,2024-12-07,48,46-60,1.7
168,Yachana Bansal,Female,1966-04-09,Bengaluru,Regular,2025-10-25,60,46-60,0.8
169,Daksha Sarraf,Female,1965-01-28,Jaipur,Silver,2025-08-27,61,60+,0.9
170,Eshana Rout,Female,1999-10-13,Hyderabad,Regular,2025-10-30,26,21-30,0.8
171,Wahab Lanka,Male,1975-10-29,New Delhi,Regular,2025-01-07,50,46-60,1.6
172,Omya Walla,Female,1977-09-09,Jodhpur,Platinum,2023-12-04,48,46-60,2.7
173,Anita Biswas,Female,1971-02-26,Chennai,Regular,2024-12-29,55,46-60,1.6
174,Ishaan Chana,Male,1980-02-13,Chennai,Gold,2023-04-15,46,46-60,3.3
175,Tristan Ganesan,Male,1991-10-27,Jodhpur,Silver,2025-08-20,34,31-45,1.0
176,Omaja Bhalla,Female,1973-10-16,Bengaluru,Regular,2024-02-04,52,46-60,2.5
177,Jason Wali,Male,1979-02-18,Chennai,Platinum,2024-12-27,47,46-60,1.6
178,Frederick Gill,Male,1964-02-22,Mumbai,Silver,2025-07-16,62,60+,1.1
179,Yadavi Dhar,Female,1971-01-15,Pune,Gold,2024-11-10,55,46-60,1.7
180,Joshua Andra,Male,2001-01-15,Chennai,Silver,2024-05-10,25,21-30,2.2
181,Farhan Borah,Male,1980-06-20,Mumbai,Gold,2024-01-04,46,46-60,2.6
182,Simon Krishna,Male,1981-02-23,Mumbai,Regular,2023-11-18,45,31-45,2.7
183,Warhi Chhabra,Female,1971-04-07,Udaipur,Silver,2024-09-01,55,46-60,1.9
184,Manbir Bains,Male,2004-08-06,Lucknow,Silver,2024-12-02,22,21-30,1.7
185,Aarna Bawa,Female,2001-07-26,Jaipur,Gold,2025-03-04,25,21-30,1.4
186,Ishwar Pandey,Male,1970-06-12,Lucknow,Regular,2023-07-22,56,46-60,3.0
187,Ekapad Chatterjee,Male,2001-03-30,Surat,Silver,2024-11-19,25,21-30,1.7
188,Urvi Bandi,Female,1986-09-02,Jaipur,Regular,2025-02-18,39,31-45,1.5
189,Manbir Narain,Male,1994-03-24,Mumbai,Regular,2023-07-07,32,31-45,3.1
190,Rajeshri Wali,Female,1983-03-04,New Delhi,Gold,2023-10-18,43,31-45,2.8
191,Kabir Subramaniam,Male,2004-02-14,Surat,Regular,2023-11-11,22,21-30,2.7
192,Deepa Sidhu,Female,2003-12-03,Jodhpur,Silver,2023-05-30,22,21-30,3.2
193,Sneha Pau,Female,1964-08-27,New Delhi,Regular,2024-02-25,61,60+,2.4
194,Jatin Sha,Other,1977-03-06,Chennai,Silver,2025-03-08,49,46-60,1.4
195,Rayaan Prabhu,Male,1965-06-19,Lucknow,Regular,2023-09-07,61,60+,2.9
196,Omisha Kant,Female,1989-09-25,Jodhpur,Gold,2024-11-07,36,31-45,1.7
197,Nidhi Rege,Female,1965-11-03,Jaipur,Silver,2023-02-18,60,46-60,3.5
198,Nidra Tailor,Female,1965-10-25,Jodhpur,Platinum,2023-09-08,60,46-60,2.9
199,Rishi Setty,Male,1977-04-14,Surat,Silver,2025-10-08,49,46-60,0.8
200,Faras Sachdeva,Male,1990-01-23,Chennai,Regular,2025-06-06,36,31-45,1.2
201,Logan Bali,Male,1991-08-27,Mumbai,Silver,2023-08-20,34,31-45,3.0
202,Kamya Patil,Female,1965-01-22,Surat,Regular,2024-12-31,61,60+,1.6
203,Azaan Rao,Male,1973-01-02,Jaipur,Silver,2025-10-28,53,46-60,0.8
204,Chandani Kala,Female,1989-06-20,Ahmedabad,Platinum,2024-09-27,37,31-45,1.9
205,Aryan Nath,Male,1971-07-21,Pune,Regular,2023-05-15,55,46-60,3.2
206,Bakhshi Johal,Male,1986-12-23,Hyderabad,Silver,2025-05-15,39,31-45,1.2
207,Omya Divan,Female,1996-01-30,Surat,Regular,2024-09-26,30,21-30,1.9
208,Eta De,Female,1984-11-24,Chennai,Regular,2025-04-30,41,31-45,1.3
209,Amara Deep,Female,1961-04-05,Udaipur,Silver,2025-04-21,65,60+,1.3
210,Neel Babu,Male,1968-06-06,Surat,Gold,2023-02-25,58,46-60,3.4
211,Zansi Comar,Female,1994-02-22,Mumbai,Regular,2024-05-22,32,31-45,2.2
212,Yashvi Chopra,Female,1980-12-06,Jaipur,Regular,2023-08-24,45,31-45,2.9
213,Matthew Shanker,Male,1989-07-16,Surat,Regular,2023-02-03,37,31-45,3.5
214,Sai Sandhu,Male,1991-06-19,Hyderabad,Platinum,2024-06-06,35,31-45,2.2
215,Bina Buch,Female,1975-02-01,Surat,Silver,2023-06-07,51,46-60,3.2
216,Laksh Nair,Male,1977-09-24,Ahmedabad,Gold,2024-09-28,48,46-60,1.8
217,Utkarsh Tiwari,Male,1987-11-01,Hyderabad,Regular,2023-04-16,38,31-45,3.3
218,Hritik Sani,Male,1980-11-28,Pune,Regular,2023-09-01,45,31-45,2.9
219,Utkarsh Rastogi,Male,1979-04-24,Hyderabad,Gold,2023-04-12,47,46-60,3.3
220,Naksh Kumer,Male,1977-06-08,Hyderabad,Platinum,2023-06-12,49,46-60,3.1
221,Bhavna Chand,Female,1998-01-08,Mumbai,Regular,2023-04-10,28,21-30,3.3
222,Quincy De,Male,1985-08-17,Lucknow,Regular,2024-09-16,40,31-45,1.9
223,Divya Roy,Female,1976-07-02,Jaipur,Silver,2024-12-09,50,46-60,1.7
224,Atharv Mani,Male,1987-08-11,Lucknow,Platinum,2024-01-10,39,31-45,2.6
225,Garima Subramaniam,Female,1970-09-06,Mumbai,Regular,2023-04-26,55,46-60,3.3
226,Dakshesh Mallick,Male,1986-06-04,Mumbai,Regular,2025-05-09,40,31-45,1.2
227,Kiaan Balakrishnan,Male,1968-09-16,Jodhpur,Silver,2025-01-18,57,46-60,1.5
228,Omkaar Panchal,Male,1960-11-12,Hyderabad,Gold,2025-07-15,65,60+,1.1
229,Bhavya Dhar,Female,1993-12-07,Hyderabad,Silver,2025-10-31,32,31-45,0.8
230,Hritik Puri,Male,1979-06-26,Bengaluru,Silver,2023-12-30,47,46-60,2.6
231,Nachiket Nair,Male,1995-07-20,Hyderabad,Silver,2024-08-27,31,31-45,1.9
232,Atharv Dugal,Male,1967-09-04,Jodhpur,Gold,2024-10-19,58,46-60,1.8
233,Madhavi Savant,Female,1990-05-18,Udaipur,Silver,2024-06-01,36,31-45,2.2
234,Triya Mahajan,Female,1970-04-17,Jaipur,Silver,2024-06-29,56,46-60,2.1
235,Tanveer Choudhry,Male,1973-05-03,Mumbai,Gold,2024-12-23,53,46-60,1.6
236,Mitesh Bath,Male,1970-07-07,Mumbai,Regular,2025-11-14,56,46-60,0.7
237,Aarush Jayaraman,Male,1974-02-26,Lucknow,Regular,2023-08-13,52,46-60,3.0
238,Lakshmi Mann,Female,1975-05-11,Hyderabad,Platinum,2023-01-09,51,46-60,3.6
239,Harita Dayal,Female,1977-09-13,Ahmedabad,Regular,2025-01-19,48,46-60,1.5
240,Bimala Ranganathan,Female,1999-05-15,Ahmedabad,Regular,2023-02-15,27,21-30,3.5
241,Veda Brahmbhatt,Female,1999-05-21,Pune,Silver,2024-09-05,27,21-30,1.9
242,Sathvik Mann,Male,1965-10-09,Jodhpur,Gold,2023-01-23,60,46-60,3.5
243,Frederick Sharma,Male,1998-01-12,New Delhi,Platinum,2025-09-06,28,21-30,0.9
244,Tejas Cherian,Male,1971-07-17,New Delhi,Regular,2024-09-19,55,46-60,1.9
245,Rudra Mukherjee,Male,1994-02-25,Pune,Silver,2023-08-24,32,31-45,2.9
246,Brinda Uppal,Female,1989-01-31,Chennai,Regular,2024-07-19,37,31-45,2.0
247,Owen Panchal,Male,1993-04-28,Hyderabad,Platinum,2025-05-22,33,31-45,1.2
248,Kamya Chauhan,Female,1967-03-07,Mumbai,Platinum,2023-07-30,59,46-60,3.0
249,Baljiwan Goel,Male,2003-05-26,Udaipur,Gold,2024-10-30,23,21-30,1.8
250,Vanya Naidu,Female,1999-06-25,Jaipur,Gold,2024-10-29,27,21-30,1.8
251,Thomas Bir,Male,1981-09-10,Ahmedabad,Regular,2024-11-03,44,31-45,1.8
252,Ayaan Pandey,Male,1983-06-03,Surat,Silver,2023-11-27,43,31-45,2.7
253,Anirudh Bhandari,Male,1977-03-08,Chennai,Silver,2023-11-02,49,46-60,2.8
254,Yashica Rajagopalan,Female,1981-05-31,Udaipur,Regular,2024-08-13,45,31-45,2.0
255,Varenya Guha,Female,1975-01-22,Mumbai,Gold,2024-05-21,51,46-60,2.2
256,Azaan Seshadri,Male,1965-04-01,Lucknow,Gold,2025-08-15,61,60+,1.0
257,Brijesh Thaman,Male,1989-08-31,Udaipur,Regular,2023-02-11,36,31-45,3.5
258,Urvashi Viswanathan,Female,1984-02-11,Ahmedabad,Regular,2023-06-19,42,31-45,3.1
259,Megha Ram,Female,1978-12-26,Bengaluru,Regular,2023-12-27,47,46-60,2.6
260,Oliver Bhatti,Male,1975-06-05,New Delhi,Regular,2024-08-17,51,46-60,2.0
261,Meghana Krishnan,Female,1993-02-27,Chennai,Silver,2024-11-30,33,31-45,1.7
262,Osha Bumb,Female,1986-10-24,Lucknow,Regular,2023-05-31,39,31-45,3.2
263,Mohammed Ramanathan,Male,1966-05-24,Chennai,Gold,2025-01-24,60,46-60,1.5
264,Nilima Puri,Female,1989-07-19,Chennai,Silver,2023-12-16,37,31-45,2.6
265,Zansi Chander,Female,1989-08-30,Surat,Regular,2024-03-26,36,31-45,2.4
266,Adya Patil,Female,1974-06-28,Bengaluru,Silver,2025-10-09,52,46-60,0.8
267,Xavier Handa,Male,1970-10-14,Udaipur,Regular,2023-05-27,55,46-60,3.2
268,Manbir Chaudhuri,Male,1983-06-09,Lucknow,Gold,2024-07-28,43,31-45,2.0
269,Om Deep,Male,1987-06-20,Jaipur,Gold,2023-06-14,39,31-45,3.1
270,Gayathri Sarma,Female,1962-07-23,Hyderabad,Gold,2024-01-23,64,60+,2.5
271,Tristan Mane,Male,1994-06-13,Chennai,Regular,2025-04-14,32,31-45,1.3
272,Jagdish More,Male,2004-01-16,Jodhpur,Silver,2025-04-15,22,21-30,1.3
273,Qarin Sastry,Male,1981-05-14,Pune,Gold,2023-10-28,45,31-45,2.8
274,Yashasvi Wable,Female,1979-06-07,Udaipur,Silver,2023-06-22,47,46-60,3.1
275,Ekapad Krishna,Male,1962-12-09,Jodhpur,Regular,2024-05-26,63,60+,2.2
276,Charan Varty,Male,1998-11-22,Bengaluru,Regular,2023-10-31,27,21-30,2.8
277,Laban Sengupta,Male,2001-04-30,Pune,Regular,2023-06-06,25,21-30,3.2
278,Chakradev Kapadia,Male,1997-05-05,Udaipur,Gold,2025-07-31,29,21-30,1.0
279,Sarthak Bera,Male,1978-06-07,Hyderabad,Regular,2024-02-03,48,46-60,2.5
280,Chaitaly Prasad,Female,1970-09-11,Udaipur,Silver,2023-12-06,55,46-60,2.7
281,Oliver Dhingra,Male,1966-10-13,Udaipur,Regular,2023-11-02,59,46-60,2.8
282,Ekiya Singh,Female,1980-10-11,Chennai,Gold,2023-01-06,45,31-45,3.6
283,Aditya Kunda,Male,1970-04-18,Udaipur,Regular,2023-06-09,56,46-60,3.2
284,Dayamai Mani,Female,1971-04-14,Mumbai,Silver,2023-05-10,55,46-60,3.2
285,Ubika Shankar,Female,1963-06-02,Chennai,Regular,2025-06-10,63,60+,1.2
286,Abhiram Varma,Male,1986-06-20,Pune,Regular,2025-02-04,40,31-45,1.5
287,Tanish Agarwal,Male,1988-04-04,Chennai,Regular,2023-09-14,38,31-45,2.9
288,Girik Chada,Male,1984-02-23,Udaipur,Regular,2024-01-20,42,31-45,2.5
289,Robert Singhal,Male,1962-07-20,Surat,Platinum,2024-02-17,64,60+,2.5
290,Lajita Babu,Female,1976-08-29,Mumbai,Silver,2023-03-13,49,46-60,3.4
291,Charles Natarajan,Male,1966-08-05,Jaipur,Regular,2024-01-11,60,46-60,2.6
292,Harita Shetty,Female,2004-09-22,Lucknow,Regular,2024-05-24,21,21-30,2.2
293,Ekansh Bhatnagar,Male,1992-10-23,Hyderabad,Gold,2025-10-01,33,31-45,0.8
294,Manan Jaggi,Male,1962-07-24,Jodhpur,Gold,2023-08-01,64,60+,3.0
295,Nisha Mukherjee,Female,1983-10-13,Bengaluru,Regular,2025-11-19,42,31-45,0.7
296,Lajita Bansal,Female,1994-06-28,Hyderabad,Silver,2023-07-23,32,31-45,3.0
297,Arjun Narula,Male,1972-11-19,Bengaluru,Platinum,2025-05-01,53,46-60,1.3
298,Ryan Sarraf,Male,2000-11-06,Hyderabad,Silver,2024-02-16,25,21-30,2.5
299,Yadavi Tank,Female,1977-02-13,Bengaluru,Gold,2025-04-29,49,46-60,1.3
300,Benjamin Samra,Male,1964-02-22,Chennai,Gold,2024-10-03,62,60+,1.8
301,Manan Nagi,Male,1965-03-17,Mumbai,Platinum,2023-12-16,61,60+,2.6
302,Niharika Sehgal,Female,1987-09-16,Jodhpur,Silver,2024-03-29,38,31-45,2.4
303,Pushti Sekhon,Female,1962-07-01,Surat,Regular,2025-07-15,64,60+,1.1
304,Teerth Maharaj,Male,1989-05-14,Hyderabad,Silver,2025-04-22,37,31-45,1.3
305,Bishakha Ravi,Female,1976-12-09,Udaipur,Gold,2025-05-03,49,46-60,1.3
306,Amruta Dhar,Female,1998-10-12,Chennai,Gold,2024-12-23,27,21-30,1.6
307,Anika Date,Female,1963-08-14,Pune,Regular,2025-04-09,63,60+,1.3
308,Pratyush Rajagopal,Male,2003-04-26,Surat,Silver,2023-02-04,23,21-30,3.5
309,Umang Prabhakar,Male,1977-05-01,Hyderabad,Regular,2025-03-23,49,46-60,1.4
310,Jeevika Rao,Other,1974-09-27,Chennai,Silver,2023-10-24,51,46-60,2.8
311,Agastya Grewal,Male,1983-01-18,Surat,Gold,2024-02-17,43,31-45,2.5
312,Karan Lad,Male,1992-04-09,Bengaluru,Regular,2023-08-17,34,31-45,3.0
313,Xalak Iyengar,Female,1966-02-09,Lucknow,Gold,2025-06-27,60,46-60,1.1
314,Harini Saxena,Female,2005-06-20,Mumbai,Regular,2025-05-13,21,21-30,1.2
315,Prisha Bhattacharyya,Female,1985-05-04,Jodhpur,Regular,2023-11-06,41,31-45,2.7
316,Gaurangi Ghosh,Female,1996-04-22,Jodhpur,Silver,2024-06-25,30,21-30,2.1
317,Irya Dewan,Female,1971-03-30,Bengaluru,Regular,2024-06-10,55,46-60,2.2
318,Raksha Sibal,Female,1996-10-02,Jaipur,Regular,2024-08-10,29,21-30,2.0
319,Bachittar More,Male,1978-07-05,Surat,Regular,2025-02-02,48,46-60,1.5
320,Samesh Rout,Male,1997-08-22,Lucknow,Silver,2023-03-20,28,21-30,3.4
321,Balhaar Sengupta,Male,1981-07-21,Hyderabad,Regular,2024-07-04,45,31-45,2.1
322,Hemani Dayal,Female,1980-01-22,Ahmedabad,Silver,2025-08-27,46,46-60,0.9
323,David Vasa,Male,1967-06-23,Hyderabad,Platinum,2023-06-25,59,46-60,3.1
324,Isaiah Pal,Male,2003-03-24,Udaipur,Regular,2024-07-06,23,21-30,2.1
325,Balveer Krishna,Male,1969-06-04,New Delhi,Platinum,2025-10-15,57,46-60,0.8
326,Dev Mitter,Male,1988-03-28,Mumbai,Regular,2023-04-10,38,31-45,3.3
327,Faraj Garg,Male,1990-03-26,Udaipur,Regular,2025-02-06,36,31-45,1.5
328,Ansh Balakrishnan,Male,1964-03-30,Bengaluru,Silver,2025-10-07,62,60+,0.8
329,Henry Saha,Male,1988-05-28,Surat,Regular,2023-02-02,38,31-45,3.5
330,Matthew Subramanian,Male,1971-08-11,Jodhpur,Gold,2025-05-09,55,46-60,1.2
331,Manthan Setty,Male,1963-11-16,Surat,Gold,2023-03-05,62,60+,3.4
332,Sarthak Sule,Male,1981-06-28,New Delhi,Regular,2023-12-29,45,31-45,2.6
333,Naksh Nagar,Male,1993-08-18,Hyderabad,Regular,2025-07-05,32,31-45,1.1
334,Dhruv Prabhakar,Male,1983-10-07,New Delhi,Regular,2023-04-24,42,31-45,3.3
335,Viraj Das,Male,1972-08-17,Chennai,Silver,2023-09-22,54,46-60,2.9
336,Aryan Mannan,Male,2003-02-18,Mumbai,Silver,2025-07-09,23,21-30,1.1
337,Jeet Dutta,Male,1997-03-13,Jaipur,Regular,2025-09-21,29,21-30,0.9
338,Ikshita Dutta,Female,1983-01-05,Surat,Regular,2024-07-02,43,31-45,2.1
339,Nikita Tank,Female,1961-08-19,Udaipur,Regular,2025-10-03,65,60+,0.8
340,Kavya Kale,Female,1986-11-03,Bengaluru,Silver,2023-02-21,39,31-45,3.5
341,Yug Singhal,Male,1973-06-13,Pune,Silver,2023-01-09,53,46-60,3.6
342,Upasna Desai,Female,2000-04-20,Jodhpur,Silver,2025-02-13,26,21-30,1.5
343,Qadim Bath,Male,1978-08-13,Chennai,Regular,2024-08-30,48,46-60,1.9
344,Radhika Mani,Female,1963-11-25,Hyderabad,Regular,2024-06-21,62,60+,2.1
345,Dhriti Dave,Female,2004-06-20,Surat,Gold,2024-02-24,22,21-30,2.4
346,Rajeshri Dhawan,Female,1969-07-19,Lucknow,Gold,2024-06-26,57,46-60,2.1
347,Arin Barad,Male,1966-10-04,Udaipur,Regular,2023-12-21,59,46-60,2.6
348,Vedant Dixit,Male,1987-11-15,Bengaluru,Regular,2024-07-03,38,31-45,2.1
349,Odika Gaba,Female,1978-04-10,Chennai,Silver,2024-10-18,48,46-60,1.8
350,Pahal Tripathi,Female,1997-11-11,Chennai,Silver,2024-07-20,28,21-30,2.0
351,Wazir Badal,Male,1977-03-02,Surat,Silver,2024-12-18,49,46-60,1.6
352,Nikita Bala,Female,1987-06-14,New Delhi,Platinum,2023-10-10,39,31-45,2.8
353,Ati Srinivasan,Female,1968-04-06,New Delhi,Silver,2024-10-31,58,46-60,1.8
354,Ethan Kibe,Male,1962-01-04,Lucknow,Gold,2025-10-06,64,60+,0.8
355,Girish Bahl,Male,1980-06-08,Jaipur,Regular,2024-03-22,46,46-60,2.4
356,Harsh Roy,Male,1983-03-04,Chennai,Regular,2024-10-13,43,31-45,1.8
357,Bhavani Devi,Female,1983-12-07,Hyderabad,Silver,2024-08-20,42,31-45,2.0
358,Raghav Murthy,Male,2003-08-23,Surat,Silver,2024-05-04,22,21-30,2.3
359,Raagini Lalla,Female,1988-01-17,Udaipur,Silver,2023-07-24,38,31-45,3.0
360,Maya Misra,Female,1970-09-16,Mumbai,Gold,2025-11-02,55,46-60,0.8
361,Maanas Johal,Male,1991-08-26,Ahmedabad,Regular,2024-06-04,34,31-45,2.2
362,Owen Mahal,Male,1973-07-17,Lucknow,Gold,2024-09-02,53,46-60,1.9
363,Siya Pai,Female,2003-07-19,Ahmedabad,Gold,2025-05-06,23,21-30,1.2
364,Ansh Mani,Male,2003-07-31,Pune,Silver,2023-03-26,23,21-30,3.4
365,Lavanya Srinivas,Female,1970-03-22,Bengaluru,Gold,2025-05-31,56,46-60,1.2
366,Madhavi Devan,Female,1965-07-04,Surat,Gold,2025-02-28,61,60+,1.4
367,Jairaj Bedi,Male,1990-09-25,Chennai,Regular,2024-07-19,35,31-45,2.0
368,Atharv Chaudhry,Male,1979-03-11,Mumbai,Gold,2025-02-02,47,46-60,1.5
369,Ekapad Ahluwalia,Male,2003-12-29,Hyderabad,Platinum,2025-11-07,22,21-30,0.7
370,Samar Soni,Male,1982-01-28,Udaipur,Gold,2023-08-01,44,31-45,3.0
371,Naveen Mangal,Male,1989-08-27,Mumbai,Platinum,2025-08-24,36,31-45,0.9
372,Jack Warrior,Male,1993-10-31,Surat,Silver,2025-06-24,32,31-45,1.1
373,Gagan Sahni,Male,2000-04-16,Jodhpur,Silver,2023-07-07,26,21-30,3.1
374,Rushil Tandon,Male,1968-12-22,Mumbai,Silver,2025-03-08,57,46-60,1.4
375,Anjali Andra,Female,1974-01-07,Lucknow,Gold,2024-10-03,52,46-60,1.8
376,Lucky Sha,Male,2005-02-05,Ahmedabad,Regular,2024-08-01,21,21-30,2.0
377,Ekalinga Thaman,Male,1981-08-26,Pune,Platinum,2023-07-25,44,31-45,3.0
378,Noah Gaba,Male,1993-06-28,Ahmedabad,Regular,2024-11-21,33,31-45,1.7
379,Akshay Nazareth,Other,1996-03-05,Udaipur,Silver,2024-08-27,30,21-30,1.9
380,Gagan Ravi,Male,1997-10-21,Chennai,Gold,2024-07-02,28,21-30,2.1
381,Suhani Chandran,Female,1968-11-27,Jodhpur,Platinum,2023-05-30,57,46-60,3.2
382,Jeet Ahuja,Male,1972-04-29,Mumbai,Gold,2023-09-08,54,46-60,2.9
383,Nitesh Mittal,Male,1986-10-20,Mumbai,Regular,2024-09-02,39,31-45,1.9
384,Radha Keer,Female,1963-05-22,Hyderabad,Silver,2023-05-06,63,60+,3.2
385,Fariq Ravi,Male,1991-06-19,Jodhpur,Silver,2025-09-10,35,31-45,0.9
386,Daniel Merchant,Male,1977-02-16,Jodhpur,Silver,2023-08-24,49,46-60,2.9
387,Waida Dua,Female,1981-01-24,Chennai,Gold,2025-11-19,45,31-45,0.7
388,Sarthak Sinha,Male,1994-09-02,Bengaluru,Regular,2025-05-04,31,31-45,1.3
389,Jatin Bumb,Male,1984-03-28,Lucknow,Silver,2024-07-16,42,31-45,2.1
390,Balvan Choudhury,Male,1963-05-16,Surat,Gold,2024-08-06,63,60+,2.0
391,Falan Gala,Male,1975-05-10,Jodhpur,Platinum,2024-07-08,51,46-60,2.1
392,Ishanvi Suresh,Female,1964-09-06,Udaipur,Regular,2024-06-27,61,60+,2.1
393,Vasana Deo,Female,1983-09-08,Chennai,Regular,2024-05-01,42,31-45,2.3
394,Vedhika Morar,Female,1993-02-19,Bengaluru,Silver,2024-02-26,33,31-45,2.4
395,Janani Bora,Female,1962-08-18,Lucknow,Regular,2024-01-02,64,60+,2.6
396,Ayushman Biswas,Male,2004-12-19,Bengaluru,Gold,2024-05-17,21,21-30,2.2
397,Tara Gole,Female,1995-03-12,Jaipur,Gold,2025-03-26,31,31-45,1.4
398,Rachit Raja,Male,1980-10-10,Hyderabad,Gold,2025-09-03,45,31-45,0.9
399,Raghav Buch,Male,1991-04-25,New Delhi,Gold,2024-12-05,35,31-45,1.7
400,Owen Dani,Male,1968-08-15,Chennai,Regular,2024-07-26,58,46-60,2.0
401,Isaac Aggarwal,Male,1994-08-14,New Delhi,Silver,2025-11-08,31,31-45,0.7
402,Unnati Wali,Female,1977-08-28,Pune,Regular,2023-09-02,48,46-60,2.9
403,Oscar Dubey,Male,1972-12-29,Udaipur,Regular,2025-09-25,53,46-60,0.9
404,Amol Saini,Male,1988-04-05,New Delhi,Gold,2025-09-24,38,31-45,0.9
405,Jai Jhaveri,Male,1963-08-14,Surat,Silver,2024-09-24,63,60+,1.9
406,Arunima Konda,Female,1993-11-30,Jodhpur,Regular,2024-03-04,32,31-45,2.4
407,Ikbal Bhalla,Male,1966-11-24,Mumbai,Regular,2025-11-24,59,46-60,0.7
408,Nathaniel Nagi,Male,1971-04-02,Mumbai,Regular,2025-07-22,55,46-60,1.0
409,Samuel Mital,Male,1972-12-21,Jaipur,Regular,2024-08-15,53,46-60,2.0
410,Unni Tandon,Female,1962-09-13,Chennai,Gold,2024-01-02,63,60+,2.6
411,Zaitra Nagar,Female,1991-12-04,Mumbai,Silver,2024-03-10,34,31-45,2.4
412,Raghav Gour,Male,1994-07-16,Udaipur,Silver,2024-05-19,32,31-45,2.2
413,Mason Dhawan,Male,1996-11-06,Pune,Regular,2025-09-01,29,21-30,0.9
414,Sathvik Wagle,Male,1966-08-16,New Delhi,Gold,2023-09-16,60,46-60,2.9
415,Oni Brar,Female,2002-02-02,Udaipur,Silver,2025-06-21,24,21-30,1.1
416,Girish Behl,Male,1972-09-02,Jodhpur,Regular,2024-12-18,53,46-60,1.6
417,Balhaar Guha,Male,1996-10-19,Mumbai,Regular,2024-09-17,29,21-30,1.9
418,Wakeeta Joshi,Female,1999-09-19,Chennai,Regular,2023-12-21,26,21-30,2.6
419,Jagvi Gupta,Female,2003-11-19,Mumbai,Regular,2023-05-05,22,21-30,3.3
420,Jairaj Jayaraman,Male,1978-06-10,Udaipur,Regular,2023-09-12,48,46-60,2.9
421,Megha Rai,Female,1981-07-28,Chennai,Regular,2024-11-21,45,31-45,1.7
422,Kalpit Parsa,Male,1983-09-01,Pune,Regular,2024-06-13,42,31-45,2.1
423,Vrinda Nagarajan,Female,2001-09-25,Lucknow,Regular,2024-01-30,24,21-30,2.5
424,Aradhana Kant,Female,1993-12-12,Surat,Silver,2023-01-18,32,31-45,3.5
425,Manbir Dua,Male,1969-06-02,Pune,Gold,2023-09-02,57,46-60,2.9
426,Zaid Nazareth,Male,1972-03-03,Mumbai,Silver,2025-05-24,54,46-60,1.2
427,Veda Ganguly,Female,1993-07-25,Jaipur,Regular,2024-01-11,33,31-45,2.6
428,Wishi Gour,Female,2001-11-07,Mumbai,Gold,2024-07-31,24,21-30,2.0
429,Anay Borde,Male,2003-02-15,Hyderabad,Regular,2024-12-12,23,21-30,1.6
430,Triveni Devan,Female,1998-07-04,Jaipur,Regular,2023-09-04,28,21-30,2.9
431,Aditya Kamdar,Other,1983-05-08,New Delhi,Platinum,2024-02-02,43,31-45,2.5
432,Yagnesh Babu,Male,1960-11-20,Chennai,Gold,2024-08-10,65,60+,2.0
433,Abhiram Wagle,Male,1993-02-01,Hyderabad,Silver,2024-07-24,33,31-45,2.0
434,Adweta Thakkar,Female,1997-03-08,Jaipur,Gold,2024-12-18,29,21-30,1.6
435,Damyanti Char,Female,1984-03-09,Mumbai,Regular,2023-09-14,42,31-45,2.9
436,Peter Loke,Male,1996-05-12,Chennai,Regular,2023-03-26,30,21-30,3.4
437,Victor Kohli,Male,2005-02-24,Ahmedabad,Silver,2023-08-29,21,21-30,2.9
438,Anamika Chander,Female,1978-10-30,Chennai,Regular,2024-02-06,47,46-60,2.5
439,Ayaan Andra,Male,1992-03-20,Lucknow,Silver,2023-03-30,34,31-45,3.4
440,Noah Chandran,Male,2000-11-08,Udaipur,Regular,2025-09-05,25,21-30,0.9
441,Hitesh Soman,Male,1972-10-15,New Delhi,Regular,2025-09-11,53,46-60,0.9
442,Amol Gola,Male,2002-05-21,Jodhpur,Regular,2023-12-01,24,21-30,2.7
443,Eshana Rao,Female,2002-05-22,Jodhpur,Silver,2023-11-15,24,21-30,2.7
444,Robert Zachariah,Male,1975-07-09,Surat,Silver,2025-03-15,51,46-60,1.4
445,Chaaya Tella,Female,1994-02-19,Mumbai,Regular,2024-01-04,32,31-45,2.6
446,Tejas Kata,Male,1998-05-01,Hyderabad,Regular,2023-12-29,28,21-30,2.6
447,Omisha Balan,Female,1989-02-15,Jodhpur,Regular,2025-04-14,37,31-45,1.3
448,Xalak Kari,Female,1976-08-08,Udaipur,Silver,2025-09-29,50,46-60,0.8
449,Girik Rai,Male,1964-06-12,Jaipur,Regular,2024-10-20,62,60+,1.8
450,Balhaar Butala,Male,1972-08-25,Ahmedabad,Platinum,2024-02-09,53,46-60,2.5
451,Robert Nadig,Male,1976-10-27,Pune,Gold,2023-04-08,49,46-60,3.3
452,Tristan Parsa,Male,1994-11-07,Pune,Regular,2023-04-19,31,31-45,3.3
453,Idika Sankar,Female,1980-10-15,Jaipur,Regular,2024-08-13,45,31-45,2.0
454,Charan Bal,Male,1964-08-15,Ahmedabad,Regular,2024-08-13,62,60+,2.0
455,Reyansh Arora,Male,1973-09-21,Lucknow,Silver,2024-02-18,52,46-60,2.5
456,Keya Verma,Female,1968-03-22,Ahmedabad,Silver,2024-02-10,58,46-60,2.5
457,Krish Mitra,Male,1972-09-01,Lucknow,Silver,2023-06-05,53,46-60,3.2
458,Teerth Majumdar,Male,1979-07-17,Udaipur,Regular,2024-05-30,47,46-60,2.2
459,Radha Krishnamurthy,Female,2003-01-30,Udaipur,Silver,2025-02-06,23,21-30,1.5
460,Guneet Shankar,Male,1965-05-28,Jaipur,Silver,2023-11-21,61,60+,2.7
461,Osha Rai,Female,1996-10-09,Jaipur,Regular,2023-12-17,29,21-30,2.6
462,Tanveer Deshpande,Male,1974-02-09,New Delhi,Regular,2024-10-04,52,46-60,1.8
463,Wriddhish Murthy,Male,1968-08-01,Jaipur,Platinum,2024-02-29,58,46-60,2.4
464,Mugdha Swaminathan,Female,2004-02-21,Surat,Gold,2025-04-12,22,21-30,1.3
465,Riya Mand,Female,1997-05-01,Mumbai,Regular,2024-02-23,29,21-30,2.4
466,Harish Gole,Male,1991-04-08,Pune,Silver,2024-08-08,35,31-45,2.0
467,Jagrati Sarma,Female,1996-06-26,Udaipur,Silver,2025-06-04,30,21-30,1.2
468,Samarth Tata,Male,1966-11-08,New Delhi,Gold,2023-11-19,59,46-60,2.7
469,Faraj Sampath,Male,1996-02-06,Jaipur,Silver,2023-03-20,30,21-30,3.4
470,Suhani Warrior,Female,1983-05-22,Hyderabad,Regular,2025-09-07,43,31-45,0.9
471,Anita Parsa,Female,1992-03-01,Pune,Gold,2025-05-15,34,31-45,1.2
472,Chatura Kothari,Male,1990-03-08,Jaipur,Silver,2024-01-14,36,31-45,2.6
473,Ryan Narula,Male,2004-01-18,Pune,Regular,2024-04-03,22,21-30,2.3
474,Chavvi Kuruvilla,Female,1970-07-31,Bengaluru,Regular,2025-03-06,56,46-60,1.4
475,Vansha Prasad,Female,1978-03-11,Mumbai,Silver,2025-04-02,48,46-60,1.3
476,Pooja Bakshi,Female,1982-04-25,Mumbai,Silver,2023-11-11,44,31-45,2.7
477,Dalbir Dhar,Male,1976-04-07,Jaipur,Platinum,2024-01-01,50,46-60,2.6
478,Wyatt Pall,Male,1982-01-07,Surat,Regular,2024-04-11,44,31-45,2.3
479,Odika Bhavsar,Female,1974-02-07,Jaipur,Platinum,2025-05-12,52,46-60,1.2
480,Alka Oza,Female,1989-10-01,Surat,Regular,2024-12-22,36,31-45,1.6
481,Keya Varty,Female,1968-06-10,Ahmedabad,Regular,2023-06-20,58,46-60,3.1
482,Turvi Kata,Other,1996-06-27,Jaipur,Regular,2024-11-01,30,21-30,1.8
483,Upma Randhawa,Female,1961-11-26,Pune,Regular,2024-10-16,64,60+,1.8
484,Umang Sanghvi,Male,1978-02-01,Ahmedabad,Gold,2025-01-20,48,46-60,1.5
485,Liam Bhatnagar,Male,1986-07-28,Hyderabad,Gold,2025-05-01,40,31-45,1.3
486,Rajeshri Nanda,Female,1969-06-17,Udaipur,Regular,2023-05-02,57,46-60,3.3
487,Naksh Rama,Male,1988-02-06,Chennai,Silver,2024-09-17,38,31-45,1.9
488,Patrick Shankar,Male,1988-05-15,Chennai,Silver,2025-05-16,38,31-45,1.2
489,Chaman Desai,Female,1974-09-07,Pune,Regular,2023-09-12,51,46-60,2.9
490,Gavin Prakash,Male,1991-10-18,Chennai,Regular,2024-06-28,34,31-45,2.1
491,Ekantika Rajagopal,Female,1979-08-18,Bengaluru,Silver,2024-06-02,46,46-60,2.2
492,Fiyaz Suri,Male,1973-08-03,Mumbai,Regular,2023-07-19,53,46-60,3.0
493,Avi Parmer,Male,2003-06-04,Udaipur,Gold,2024-05-31,23,21-30,2.2
494,Rehaan Tiwari,Male,1989-12-23,Hyderabad,Regular,2024-03-11,36,31-45,2.4
495,Sarthak Sawhney,Male,1982-08-01,Bengaluru,Regular,2023-03-30,44,31-45,3.4
496,Januja Master,Female,1962-01-23,Pune,Regular,2023-08-28,64,60+,2.9
497,Frado Shankar,Male,1986-01-17,Udaipur,Gold,2025-04-02,40,31-45,1.3
498,Daksh Comar,Male,1972-08-24,Surat,Silver,2024-08-01,53,46-60,2.0
499,Anvi Sastry,Female,1985-03-05,Bengaluru,Regular,2025-11-20,41,31-45,0.7
500,Jatin Mishra,Male,1999-12-16,Bengaluru,Silver,2023-02-04,26,21-30,3.5
501,Owen Chahal,Male,1980-05-07,Pune,Regular,2025-11-24,46,46-60,0.7
502,Henry Panchal,Male,1999-05-04,Jaipur,Platinum,2024-10-11,27,21-30,1.8
503,Gayathri Dewan,Female,1995-11-28,Ahmedabad,Gold,2025-05-16,30,21-30,1.2
504,Pushti Walia,Female,1973-03-28,Hyderabad,Regular,2024-07-27,53,46-60,2.0
505,Madhav Mann,Male,1986-05-13,Udaipur,Gold,2025-10-11,40,31-45,0.8
506,Ekansh Sabharwal,Male,2001-12-07,Mumbai,Gold,2025-11-22,24,21-30,0.7
507,Dominic Krish,Male,1967-03-04,Bengaluru,Gold,2023-12-10,59,46-60,2.7
508,Shravya Suri,Female,1966-12-27,Udaipur,Platinum,2024-11-04,59,46-60,1.7
509,Riya Seth,Female,1963-12-28,Udaipur,Regular,2025-04-26,62,60+,1.3
510,Saksham Varma,Male,1994-05-01,Jodhpur,Regular,2025-01-09,32,31-45,1.6
511,Utkarsh Sura,Male,1975-04-27,Bengaluru,Regular,2023-01-03,51,46-60,3.6
512,Veer Parmar,Male,1998-11-05,Jaipur,Platinum,2025-04-27,27,21-30,1.3
513,Ikbal Sanghvi,Male,1997-09-16,Surat,Silver,2024-06-10,28,21-30,2.2
514,Lucky Nazareth,Male,1985-03-21,Jodhpur,Regular,2023-05-20,41,31-45,3.2
515,Onveer Bava,Male,1962-08-29,New Delhi,Regular,2024-10-28,63,60+,1.8
516,Abhiram Dash,Male,2002-06-01,New Delhi,Regular,2023-06-18,24,21-30,3.1
517,Aadi Sangha,Male,1969-09-11,Mumbai,Silver,2025-01-03,56,46-60,1.6
518,Nidhi Dutt,Female,1999-12-10,Ahmedabad,Silver,2025-07-22,26,21-30,1.0
519,Pranit Krishna,Male,1964-04-19,Chennai,Regular,2024-12-08,62,60+,1.7
520,Atharv Randhawa,Male,1988-09-28,Ahmedabad,Regular,2025-02-12,37,31-45,1.5
521,Tanish Chand,Male,1992-04-03,Ahmedabad,Platinum,2023-01-02,34,31-45,3.6
522,Brinda Deo,Female,1987-04-22,Surat,Platinum,2024-07-07,39,31-45,2.1
523,Aayush Anand,Male,1991-11-22,Hyderabad,Silver,2025-05-20,34,31-45,1.2
524,Dominic Sridhar,Male,1963-10-12,Bengaluru,Silver,2024-02-12,62,60+,2.5
525,Charan Munshi,Male,1977-02-17,Bengaluru,Regular,2023-11-15,49,46-60,2.7
526,Ekani Dhar,Female,1963-09-02,Pune,Regular,2024-08-22,62,60+,2.0
527,Thomas Panchal,Male,1993-02-05,Ahmedabad,Platinum,2024-10-30,33,31-45,1.8
528,Samesh Savant,Male,1999-04-16,Mumbai,Silver,2023-04-03,27,21-30,3.3
529,Ekiya Dasgupta,Female,1987-02-14,Jodhpur,Regular,2024-02-13,39,31-45,2.5
530,Nakul Dey,Male,1971-09-28,Surat,Silver,2024-11-17,54,46-60,1.7
531,Lucky Bala,Male,1998-09-29,Mumbai,Platinum,2024-12-02,27,21-30,1.7
532,Ishanvi Vasa,Female,1987-11-26,Chennai,Platinum,2023-07-20,38,31-45,3.0
533,Manbir Bhagat,Male,1995-11-11,New Delhi,Gold,2025-04-25,30,21-30,1.3
534,Yug Raju,Male,1965-08-31,Surat,Silver,2024-06-16,60,46-60,2.1
535,Zarna Arora,Female,2004-12-31,Jaipur,Gold,2025-09-21,21,21-30,0.9
536,Sara Salvi,Female,1977-01-12,Lucknow,Regular,2024-12-28,49,46-60,1.6
537,Bina Badal,Female,1987-01-08,Mumbai,Silver,2023-01-15,39,31-45,3.6
538,Anusha Bhasin,Female,2003-04-13,Hyderabad,Gold,2024-02-28,23,21-30,2.4
539,Yamini Sagar,Female,1979-08-26,Jaipur,Regular,2024-03-04,46,46-60,2.4
540,Liam Chacko,Male,1974-07-15,Mumbai,Regular,2024-06-28,52,46-60,2.1
541,Faras Yadav,Male,1975-04-18,Bengaluru,Silver,2024-09-16,51,46-60,1.9
542,Nilima Sarkar,Female,1993-06-09,New Delhi,Regular,2025-06-20,33,31-45,1.1
543,Jason Chadha,Male,2002-03-14,Bengaluru,Regular,2023-05-04,24,21-30,3.3
544,Mohammed Gill,Male,1965-12-19,Surat,Regular,2025-01-23,60,46-60,1.5
545,Gautami Taneja,Female,2003-06-23,Ahmedabad,Gold,2024-07-11,23,21-30,2.1
546,Geetika Prabhu,Female,1966-04-21,Bengaluru,Platinum,2025-04-11,60,46-60,1.3
547,Dhriti Balan,Female,1975-09-01,Lucknow,Silver,2024-04-02,50,46-60,2.3
548,Karan Bose,Male,1982-12-01,New Delhi,Regular,2024-06-27,43,31-45,2.1
549,Yahvi Ganesan,Female,1977-02-19,Chennai,Silver,2023-09-29,49,46-60,2.8
550,Devika Kari,Female,1993-12-04,Jodhpur,Platinum,2023-01-03,32,31-45,3.6
551,Jason Batra,Male,1981-10-26,Ahmedabad,Silver,2024-02-12,44,31-45,2.5
552,Hemal Banik,Female,1985-06-20,Bengaluru,Gold,2025-08-31,41,31-45,0.9
553,Isaac Nagy,Male,1971-10-06,New Delhi,Silver,2025-09-02,54,46-60,0.9
554,Krishna Brahmbhatt,Male,1986-04-23,Pune,Silver,2023-05-08,40,31-45,3.2
555,Gaurav Kapoor,Male,1996-10-14,Surat,Silver,2025-11-11,29,21-30,0.7
556,Bhavya Shroff,Female,1999-07-25,Lucknow,Regular,2025-04-03,27,21-30,1.3
557,Nihal Chadha,Male,1985-06-24,Lucknow,Silver,2023-01-09,41,31-45,3.6
558,Madhav Modi,Male,1993-11-14,Hyderabad,Silver,2023-09-16,32,31-45,2.9
559,Yatin Hayre,Male,1993-07-20,Mumbai,Silver,2024-08-05,33,31-45,2.0
560,Faqid Ahuja,Male,2002-07-19,Jodhpur,Regular,2023-01-26,24,21-30,3.5
561,Aarna Nayak,Female,1960-08-28,Surat,Regular,2024-12-01,65,60+,1.7
562,Damini Jha,Female,1984-06-07,Bengaluru,Silver,2023-09-11,42,31-45,2.9
563,Ayushman Dhar,Male,1992-08-12,Mumbai,Regular,2023-04-10,34,31-45,3.3
564,Yoshita Sachar,Female,1992-02-17,Udaipur,Regular,2024-02-01,34,31-45,2.5
565,Charvi Tiwari,Female,1966-08-07,Hyderabad,Regular,2025-05-23,60,46-60,1.2
566,Bhavani Saran,Female,1990-05-26,Chennai,Platinum,2023-05-20,36,31-45,3.2
567,Kalpit Murty,Male,2002-04-06,Ahmedabad,Regular,2024-02-23,24,21-30,2.4
568,Nathan Sethi,Male,1972-10-29,Lucknow,Gold,2023-03-21,53,46-60,3.4
569,Ekanta Chopra,Female,1967-08-02,New Delhi,Silver,2023-06-25,59,46-60,3.1
570,Naksh Ray,Male,1966-01-09,Jaipur,Gold,2024-01-17,60,46-60,2.5
571,Upkaar Morar,Male,1981-06-10,Udaipur,Regular,2025-06-26,45,31-45,1.1
572,Farhan Modi,Male,1997-10-11,Chennai,Regular,2025-01-12,28,21-30,1.6
573,Hritik Narang,Male,1967-04-07,Udaipur,Regular,2025-01-27,59,46-60,1.5
574,Rudra Varghese,Male,1962-10-17,Hyderabad,Platinum,2023-11-15,63,60+,2.7
575,Amruta Ravel,Female,1999-01-18,Jodhpur,Regular,2024-08-15,27,21-30,2.0
576,Champak Shere,Male,1965-03-05,New Delhi,Gold,2025-04-25,61,60+,1.3
577,Abeer Bhatia,Male,1997-12-15,Mumbai,Regular,2025-11-12,28,21-30,0.7
578,Hardik Rattan,Male,1977-05-05,Surat,Silver,2024-11-02,49,46-60,1.8
579,Leela Borde,Female,1961-07-28,Pune,Silver,2023-03-10,65,60+,3.4
580,Devansh Chanda,Male,2001-04-26,Lucknow,Regular,2025-06-02,25,21-30,1.2
581,Divya Basak,Female,2002-12-29,Jaipur,Silver,2023-02-23,23,21-30,3.4
582,Rudra Taneja,Male,1961-12-01,Pune,Regular,2024-12-28,64,60+,1.6
583,Raagini Kala,Female,2001-06-18,Hyderabad,Silver,2023-10-20,25,21-30,2.8
584,Falan Banerjee,Male,1988-03-23,New Delhi,Regular,2024-10-19,38,31-45,1.8
585,Yahvi Sabharwal,Female,2000-04-25,Hyderabad,Platinum,2024-05-25,26,21-30,2.2
586,Meera Rajagopal,Female,1966-10-07,Chennai,Regular,2023-08-01,59,46-60,3.0
587,Aditya Raja,Male,1995-10-11,Pune,Gold,2024-01-18,30,21-30,2.5
588,Orinder Thakkar,Male,1975-01-23,New Delhi,Silver,2023-10-16,51,46-60,2.8
589,Nathaniel Kanda,Male,1961-11-28,New Delhi,Regular,2025-05-13,64,60+,1.2
590,Ayush Sodhi,Male,1984-05-31,Hyderabad,Regular,2025-03-27,42,31-45,1.4
591,Fariq Chaudhry,Male,1971-09-29,Lucknow,Gold,2023-09-14,54,46-60,2.9
592,Imaran Rama,Male,1976-07-22,Jodhpur,Gold,2025-06-12,50,46-60,1.1
593,Gaurang Khalsa,Male,1987-04-03,Ahmedabad,Silver,2025-05-08,39,31-45,1.2
594,Akshay Pandey,Male,2003-03-26,Mumbai,Gold,2024-08-23,23,21-30,1.9
595,Xiti More,Female,1968-06-28,Ahmedabad,Gold,2023-02-10,58,46-60,3.5
596,Jackson Kanda,Male,1961-06-27,Hyderabad,Silver,2024-05-24,65,60+,2.2
597,Isha De,Female,1975-12-04,Pune,Regular,2023-07-08,50,46-60,3.1
598,Ayushman Bains,Male,1967-03-28,Surat,Gold,2025-01-20,59,46-60,1.5
599,Christopher Vora,Male,1999-04-27,Ahmedabad,Silver,2025-10-19,27,21-30,0.8
600,Siya Chaudhuri,Female,1975-09-26,Lucknow,Silver,2023-12-10,50,46-60,2.7
601,Tejas Sur,Male,1989-10-20,Hyderabad,Platinum,2023-07-05,36,31-45,3.1
602,Isaac Gill,Male,1977-08-14,Mumbai,Platinum,2025-02-20,49,46-60,1.5
603,Eesha Goel,Female,1993-05-22,Chennai,Regular,2025-10-07,33,31-45,0.8
604,Amol Gopal,Male,1987-09-12,Mumbai,Silver,2025-09-07,38,31-45,0.9
605,Hemang Taneja,Other,1966-12-02,Lucknow,Silver,2025-03-04,59,46-60,1.4
606,Oscar Nagarajan,Male,1968-02-23,Udaipur,Gold,2025-07-31,58,46-60,1.0
607,Oliver Sekhon,Male,1961-02-07,Ahmedabad,Silver,2023-08-12,65,60+,3.0
608,Parth Kunda,Male,1996-01-03,Hyderabad,Regular,2025-02-06,30,21-30,1.5
609,Sanya Sarma,Female,1993-07-22,Surat,Regular,2025-10-29,33,31-45,0.8
610,Xiti Radhakrishnan,Female,1976-05-24,Chennai,Silver,2024-02-04,50,46-60,2.5
611,Isaiah Gaba,Male,1980-11-24,Lucknow,Regular,2025-05-01,45,31-45,1.3
612,Nandini Bahri,Female,1974-12-07,Udaipur,Gold,2025-10-10,51,46-60,0.8
613,Pavani Garde,Female,2000-07-19,Udaipur,Silver,2023-06-21,26,21-30,3.1
614,Charita Nigam,Female,1987-04-28,Bengaluru,Gold,2024-10-15,39,31-45,1.8
615,Amruta Sankar,Female,2002-12-31,Jodhpur,Regular,2023-06-25,23,21-30,3.1
616,Farhan Bera,Male,1965-02-23,Jaipur,Silver,2023-08-07,61,60+,3.0
617,Samarth Zachariah,Male,1972-07-11,Lucknow,Regular,2023-10-27,54,46-60,2.8
618,Chasmum Bawa,Female,1978-04-09,Jaipur,Silver,2024-08-08,48,46-60,2.0
619,Faraj Bhagat,Male,1976-10-29,Surat,Gold,2024-03-31,49,46-60,2.3
620,Wriddhish Iyengar,Male,1964-12-15,Pune,Silver,2023-08-09,61,60+,3.0
621,Chaitaly Solanki,Female,1998-07-24,Pune,Regular,2023-11-25,28,21-30,2.7
622,Warinder Suresh,Male,2000-11-10,Surat,Gold,2023-10-10,25,21-30,2.8
623,Hiral Prabhakar,Female,2000-06-08,Mumbai,Platinum,2024-01-29,26,21-30,2.5
624,Anthony Lall,Male,1980-05-18,Hyderabad,Platinum,2023-10-08,46,46-60,2.8
625,Bhavani Dora,Female,1994-06-10,Surat,Regular,2024-12-11,32,31-45,1.6
626,Orinder Sachdev,Male,2004-04-09,Mumbai,Silver,2024-09-20,22,21-30,1.9
627,Rishi Virk,Male,1979-06-06,Chennai,Gold,2024-07-24,47,46-60,2.0
628,Kamya Soni,Female,1974-01-14,Bengaluru,Gold,2024-02-25,52,46-60,2.4
629,Yashasvi Varughese,Female,1996-08-11,New Delhi,Silver,2024-12-22,30,21-30,1.6
630,Darpan Sen,Male,1968-05-15,Chennai,Silver,2025-11-14,58,46-60,0.7
631,Gopal Date,Male,1962-07-06,Lucknow,Gold,2023-03-25,64,60+,3.4
632,Harrison Divan,Male,1998-02-15,Mumbai,Regular,2023-10-02,28,21-30,2.8
633,Chameli Rama,Female,1985-08-17,Hyderabad,Regular,2024-08-10,40,31-45,2.0
634,Veer Arora,Male,1995-12-26,Mumbai,Regular,2024-10-25,30,21-30,1.8
635,Daksh Sachdeva,Male,1967-04-29,Ahmedabad,Gold,2024-08-26,59,46-60,1.9
636,Chatresh Chaudhuri,Male,1995-12-13,Jodhpur,Gold,2025-07-12,30,21-30,1.1
637,Samesh Lalla,Male,1977-10-29,Lucknow,Regular,2024-06-01,48,46-60,2.2
638,Anirudh Gera,Male,1972-12-25,Hyderabad,Platinum,2023-06-03,53,46-60,3.2
639,Anjali Randhawa,Female,2000-08-15,New Delhi,Regular,2023-12-20,25,21-30,2.6
640,Arya Soman,Female,2002-01-10,Surat,Regular,2025-08-13,24,21-30,1.0
641,Om Mitter,Male,1974-08-01,Jaipur,Regular,2025-06-16,52,46-60,1.1
642,Ishaan Desai,Male,1974-02-10,Mumbai,Silver,2025-03-03,52,46-60,1.4
643,Lipika Saha,Female,1987-10-25,Jodhpur,Silver,2023-04-06,38,31-45,3.3
644,Hitesh Ray,Male,1993-12-07,Ahmedabad,Silver,2025-03-19,32,31-45,1.4
645,Ayaan Varma,Male,1996-03-16,Jodhpur,Gold,2023-03-11,30,21-30,3.4
646,Ekansh Viswanathan,Male,2000-02-28,Jodhpur,Gold,2023-01-31,26,21-30,3.5
647,Harish Bhardwaj,Male,1971-10-26,Mumbai,Gold,2024-05-01,54,46-60,2.3
648,Hardik Mahal,Male,1977-03-02,Pune,Gold,2024-05-09,49,46-60,2.2
649,Diya Balasubramanian,Female,1971-06-24,Pune,Silver,2024-06-04,55,46-60,2.2
650,Gaurang Som,Male,1986-12-31,Bengaluru,Regular,2024-01-08,39,31-45,2.6
651,Kai Chana,Male,1973-06-02,Pune,Regular,2024-02-16,53,46-60,2.5
652,Jalsa Kant,Female,1989-09-21,Chennai,Gold,2024-12-22,36,31-45,1.6
653,Tara Varghese,Female,1961-06-29,Jodhpur,Regular,2025-04-11,65,60+,1.3
654,Vritti Deo,Female,1989-09-21,Ahmedabad,Gold,2024-10-02,36,31-45,1.8
655,Jasmit Krishnan,Female,1987-12-19,Pune,Silver,2025-10-01,38,31-45,0.8
656,Udyati Puri,Female,1998-11-29,Bengaluru,Silver,2024-05-03,27,21-30,2.3
657,Unnati Mittal,Other,1991-01-24,Pune,Silver,2025-05-27,35,31-45,1.2
658,Charan Amble,Male,1983-08-11,Jodhpur,Silver,2024-12-06,43,31-45,1.7
659,Lohit Misra,Male,1991-05-23,Mumbai,Regular,2024-05-28,35,31-45,2.2
660,Manya Nair,Female,1999-05-11,Lucknow,Gold,2023-10-06,27,21-30,2.8
661,Girindra Doctor,Male,1983-11-14,New Delhi,Regular,2023-09-13,42,31-45,2.9
662,Tamanna Nagarajan,Female,1991-03-23,Pune,Silver,2025-02-07,35,31-45,1.5
663,Manbir Lad,Male,2001-05-26,Chennai,Regular,2024-03-06,25,21-30,2.4
664,Ikshita Oza,Female,1993-04-14,Lucknow,Silver,2023-08-25,33,31-45,2.9
665,Rachita Tripathi,Female,1974-02-06,Surat,Regular,2023-07-01,52,46-60,3.1
666,Manan Chatterjee,Male,1981-10-10,Hyderabad,Silver,2025-02-28,44,31-45,1.4
667,Oviya Chakraborty,Female,1970-08-04,Ahmedabad,Silver,2023-08-26,56,46-60,2.9
668,Shivansh Narula,Male,1977-04-25,Jodhpur,Regular,2024-09-15,49,46-60,1.9
669,Dhriti Singhal,Female,1963-01-03,Udaipur,Regular,2024-11-06,63,60+,1.7
670,Warinder Hayer,Male,1983-02-10,Surat,Silver,2025-07-12,43,31-45,1.1
671,Zilmil Misra,Female,1979-03-07,New Delhi,Gold,2025-07-16,47,46-60,1.1
672,Ekantika Iyer,Female,1976-01-05,Jodhpur,Gold,2025-11-17,50,46-60,0.7
673,Ekbal Mutti,Male,1999-05-26,Surat,Regular,2023-07-12,27,21-30,3.1
674,Widisha Natarajan,Female,1988-12-26,Bengaluru,Regular,2023-07-08,37,31-45,3.1
675,Aarnav Seth,Male,1972-11-24,Hyderabad,Silver,2025-03-21,53,46-60,1.4
676,Gauri Suri,Female,1995-12-04,Jodhpur,Silver,2025-04-10,30,21-30,1.3
677,Urishilla Sanghvi,Female,1978-09-29,Udaipur,Platinum,2025-10-25,47,46-60,0.8
678,Aarnav Barad,Male,1984-08-11,Udaipur,Regular,2025-02-17,42,31-45,1.5
679,Oeshi Wali,Female,1969-03-02,Pune,Regular,2024-12-21,57,46-60,1.6
680,Isaiah Padmanabhan,Male,1974-08-20,New Delhi,Gold,2023-04-20,51,46-60,3.3
681,Fiyaz Bhattacharyya,Male,1997-08-30,Chennai,Regular,2023-11-14,28,21-30,2.7
682,Tamanna Venkatesh,Other,1987-06-05,Hyderabad,Gold,2023-12-26,39,31-45,2.6
683,Onveer Suri,Male,1976-10-03,New Delhi,Gold,2023-07-20,49,46-60,3.0
684,Adya Kari,Female,1970-09-07,Jodhpur,Silver,2025-11-14,55,46-60,0.7
685,Anthony Thaman,Other,1968-03-12,Jaipur,Regular,2024-01-26,58,46-60,2.5
686,Raghav Kumer,Male,1995-04-19,New Delhi,Regular,2024-10-25,31,31-45,1.8
687,Darika Bahri,Female,1962-10-05,Udaipur,Regular,2023-05-04,63,60+,3.3
688,Ranveer Dasgupta,Male,1985-03-21,Chennai,Regular,2024-05-20,41,31-45,2.2
689,Harshil Andra,Male,1974-02-21,Chennai,Platinum,2024-12-05,52,46-60,1.7
690,Ekapad Sahota,Male,1997-12-20,Surat,Silver,2023-04-22,28,21-30,3.3
691,Lohit Comar,Male,1995-11-27,Bengaluru,Regular,2024-06-14,30,21-30,2.1
692,Lekha Virk,Female,2004-05-19,Jaipur,Silver,2024-01-17,22,21-30,2.5
693,Neelima Dyal,Female,1962-05-13,Mumbai,Silver,2024-06-12,64,60+,2.1
694,Wridesh Narayanan,Male,1971-02-22,Pune,Gold,2023-01-14,55,46-60,3.6
695,Christopher Tak,Male,1967-04-21,Lucknow,Regular,2023-04-06,59,46-60,3.3
696,Chandresh Kunda,Male,1989-08-02,Jaipur,Regular,2024-05-01,37,31-45,2.3
697,Kevin Shetty,Male,1962-11-05,Surat,Regular,2025-05-16,63,60+,1.2
698,Maanav Parsa,Male,1996-08-30,Chennai,Silver,2023-11-30,29,21-30,2.7
699,Charvi Bath,Female,1961-01-09,Bengaluru,Platinum,2023-05-28,65,60+,3.2
700,Falguni Parmar,Other,2000-11-04,Mumbai,Silver,2025-10-14,25,21-30,0.8
701,Chakradhar Pradhan,Male,1997-04-06,Chennai,Gold,2023-07-14,29,21-30,3.1
702,Ryan Shan,Male,1972-10-27,New Delhi,Regular,2024-02-15,53,46-60,2.5
703,Shivansh Ganesan,Male,1965-09-05,Ahmedabad,Regular,2025-01-11,60,46-60,1.6
704,Fariq Chawla,Male,1979-04-24,Jodhpur,Regular,2024-09-21,47,46-60,1.9
705,Hemangini Raghavan,Female,1995-08-27,Jodhpur,Regular,2024-10-13,30,21-30,1.8
706,Wyatt Sura,Male,1965-09-03,Jaipur,Silver,2024-03-14,60,46-60,2.4
707,Bhavika Lal,Female,1990-01-24,Udaipur,Regular,2023-01-14,36,31-45,3.6
708,Pallavi Venkataraman,Female,1984-02-17,Surat,Regular,2025-01-16,42,31-45,1.5
709,Tarak Kothari,Male,1982-04-11,Udaipur,Regular,2024-12-07,44,31-45,1.7
710,Falguni Bhagat,Female,1961-02-11,New Delhi,Silver,2025-09-22,65,60+,0.9
711,Yug Gandhi,Male,1963-12-17,Jaipur,Silver,2024-06-07,62,60+,2.2
712,Noah Mall,Male,1962-11-09,Jodhpur,Silver,2023-08-26,63,60+,2.9
713,Saksham Keer,Male,1964-02-20,Surat,Silver,2024-04-18,62,60+,2.3
714,Chaitanya Tara,Male,1980-09-16,Udaipur,Gold,2023-05-07,45,31-45,3.2
715,Aditya Chauhan,Male,1978-09-29,Pune,Silver,2023-02-08,47,46-60,3.5
716,Chakradev Modi,Male,2000-08-23,Mumbai,Regular,2024-08-21,25,21-30,2.0
717,Panini Patla,Female,1997-09-23,Ahmedabad,Gold,2025-05-19,28,21-30,1.2
718,Oni Solanki,Female,1992-11-02,Chennai,Regular,2024-01-22,33,31-45,2.5
719,Dakshesh Chatterjee,Male,1994-10-05,Hyderabad,Regular,2023-08-25,31,31-45,2.9
720,Raagini Manne,Female,1985-03-27,Hyderabad,Silver,2024-02-03,41,31-45,2.5
721,Arin Gala,Male,1982-10-01,Jodhpur,Regular,2025-05-25,43,31-45,1.2
722,Chatresh Kumar,Male,1988-01-29,Lucknow,Regular,2023-07-19,38,31-45,3.0
723,Janaki Shankar,Female,1997-09-11,Udaipur,Regular,2023-07-22,28,21-30,3.0
724,Darika Sachdeva,Female,1962-09-07,Surat,Regular,2024-11-05,63,60+,1.7
725,Umang Shankar,Male,1990-03-22,Mumbai,Regular,2025-10-15,36,31-45,0.8
726,Zaid Agrawal,Male,1984-06-16,Pune,Platinum,2023-02-21,42,31-45,3.5
727,Wyatt Trivedi,Male,1995-09-27,New Delhi,Regular,2025-08-27,30,21-30,0.9
728,Eesha Chawla,Female,1978-01-09,Bengaluru,Gold,2024-10-01,48,46-60,1.8
729,Yashawini Rajagopalan,Female,1979-06-07,Surat,Regular,2024-10-10,47,46-60,1.8
730,Laksh Rao,Male,2003-12-14,Jaipur,Gold,2025-10-30,22,21-30,0.8
731,Ekalinga Devi,Male,1979-03-01,Jodhpur,Regular,2025-01-15,47,46-60,1.6
732,Naksh Kalla,Male,1969-08-18,Hyderabad,Regular,2024-10-26,57,46-60,1.8
733,Pooja Deo,Female,2004-10-01,Surat,Regular,2024-11-23,21,21-30,1.7
734,Zayan Naidu,Male,1992-07-22,New Delhi,Gold,2025-03-21,34,31-45,1.4
735,Sathvik Walla,Male,1973-06-16,Hyderabad,Regular,2025-06-21,53,46-60,1.1
736,Chatresh Bakshi,Male,1977-09-23,Hyderabad,Regular,2023-02-26,48,46-60,3.4
737,Irya Loke,Female,1994-05-08,New Delhi,Silver,2023-06-21,32,31-45,3.1
738,Jeremiah Dhingra,Male,1998-05-13,Jaipur,Silver,2025-01-05,28,21-30,1.6
739,Samar Bali,Other,1976-09-24,Udaipur,Gold,2024-04-27,49,46-60,2.3
740,Robert Khanna,Male,1983-08-01,Lucknow,Silver,2025-04-28,43,31-45,1.3
741,Arunima Raj,Female,1978-01-11,Chennai,Regular,2025-10-15,48,46-60,0.8
742,Avni Arya,Female,1994-01-20,Jodhpur,Silver,2023-08-05,32,31-45,3.0
743,Jeevika Pillai,Female,1994-07-27,New Delhi,Silver,2024-08-05,32,31-45,2.0
744,Gunbir Menon,Male,1980-10-14,Chennai,Silver,2025-11-13,45,31-45,0.7
745,Girik Ghose,Male,1993-09-01,Jodhpur,Regular,2023-05-08,32,31-45,3.2
746,Tanish Mallick,Male,1985-08-21,Jodhpur,Silver,2023-05-19,40,31-45,3.2
747,Aarnav Narayanan,Male,1981-07-29,Surat,Silver,2025-09-25,45,31-45,0.9
748,Ganga Naidu,Female,1987-06-14,Jodhpur,Platinum,2025-04-03,39,31-45,1.3
749,Xalak Parmar,Female,1963-11-14,Surat,Silver,2025-01-23,62,60+,1.5
750,Hiral Verma,Female,1963-08-29,Jodhpur,Regular,2024-06-21,62,60+,2.1
751,Tamanna Chanda,Female,1976-04-24,Jodhpur,Silver,2025-07-29,50,46-60,1.0
752,Oni Patel,Female,1973-10-20,Ahmedabad,Regular,2025-10-09,52,46-60,0.8
753,Aarna Contractor,Female,1990-09-10,Jaipur,Silver,2024-04-19,35,31-45,2.3
754,Anusha Nagi,Female,1977-10-02,Hyderabad,Regular,2025-04-27,48,46-60,1.3
755,Sanya Kunda,Female,1984-11-25,Udaipur,Gold,2023-10-29,41,31-45,2.8
756,Yasti Trivedi,Female,1980-08-22,Bengaluru,Regular,2023-02-16,45,31-45,3.5
757,Oeshi Varkey,Female,1964-04-18,Mumbai,Regular,2023-04-13,62,60+,3.3
758,Bhavini Kade,Female,1990-10-03,Mumbai,Regular,2025-04-03,35,31-45,1.3
759,Charles Jha,Male,1984-10-15,Lucknow,Regular,2025-01-18,41,31-45,1.5
760,Balendra Dube,Male,1961-08-29,Hyderabad,Gold,2025-02-02,64,60+,1.5
761,Caleb Borah,Male,1963-01-12,Surat,Platinum,2025-04-25,63,60+,1.3
762,Jhalak Kuruvilla,Female,1978-12-07,Chennai,Regular,2024-04-25,47,46-60,2.3
763,Tarak Mutti,Male,1961-05-08,Udaipur,Silver,2024-12-18,65,60+,1.6
764,Bhavika Bath,Female,1992-02-17,Jodhpur,Platinum,2023-03-19,34,31-45,3.4
765,Maanav Mitra,Male,1987-11-20,Mumbai,Silver,2023-10-27,38,31-45,2.8
766,Sai Rana,Female,1997-08-02,Bengaluru,Silver,2023-02-02,29,21-30,3.5
767,Imaran Deshpande,Male,1994-03-12,Mumbai,Regular,2025-04-28,32,31-45,1.3
768,Eshana Misra,Female,1991-01-25,Lucknow,Regular,2025-08-31,35,31-45,0.9
769,Aashi Dhaliwal,Female,1966-02-19,Bengaluru,Silver,2023-01-06,60,46-60,3.6
770,Chaman Mody,Female,1970-01-16,Jodhpur,Regular,2025-02-28,56,46-60,1.4
771,Hitesh Sachar,Male,2001-05-05,Jodhpur,Regular,2025-06-25,25,21-30,1.1
772,Gaurika Gour,Female,1970-07-11,Ahmedabad,Regular,2025-06-08,56,46-60,1.2
773,Dakshesh Golla,Male,1990-10-14,New Delhi,Regular,2024-08-27,35,31-45,1.9
774,Vihaan Bora,Male,1973-09-02,Surat,Gold,2023-03-13,52,46-60,3.4
775,Ira Sur,Female,2003-05-30,Lucknow,Regular,2024-01-16,23,21-30,2.6
776,Chandresh Mane,Male,1988-06-20,Chennai,Regular,2025-08-16,38,31-45,1.0
777,Xavier Seshadri,Male,1975-05-14,Mumbai,Gold,2024-12-03,51,46-60,1.7
778,Rajata Mutti,Female,2003-09-24,Chennai,Regular,2023-06-29,22,21-30,3.1
779,Jatin Kant,Male,1992-08-21,Jodhpur,Silver,2024-11-13,33,31-45,1.7
780,Radha Desai,Female,1991-03-04,Hyderabad,Gold,2023-12-20,35,31-45,2.6
781,Vihaan Sehgal,Male,1976-09-25,Ahmedabad,Silver,2023-11-22,49,46-60,2.7
782,Gagan Bumb,Male,1998-06-21,Ahmedabad,Silver,2025-07-03,28,21-30,1.1
783,Indira Lall,Female,1993-08-07,Chennai,Silver,2024-10-29,33,31-45,1.8
784,Adya Tripathi,Female,1989-01-05,Ahmedabad,Silver,2025-05-15,37,31-45,1.2
785,Jagvi Bansal,Female,1985-05-30,Surat,Gold,2024-08-01,41,31-45,2.0
786,Falguni Pau,Female,1978-04-03,New Delhi,Silver,2025-08-07,48,46-60,1.0
787,Ekalinga Shetty,Male,1983-02-21,Lucknow,Silver,2023-04-07,43,31-45,3.3
788,Yashasvi Anne,Female,1990-05-30,Chennai,Silver,2025-06-22,36,31-45,1.1
789,Ekaraj Sehgal,Male,1967-10-03,Surat,Silver,2024-08-26,58,46-60,1.9
790,Warhi Parmer,Female,1962-05-30,Bengaluru,Regular,2025-03-21,64,60+,1.4
791,Bhavika Lalla,Female,1977-03-20,New Delhi,Silver,2023-02-15,49,46-60,3.5
792,Pranit Rama,Male,1981-09-22,Surat,Silver,2024-04-29,44,31-45,2.3
793,Anmol Naik,Male,1965-03-27,Ahmedabad,Gold,2025-10-28,61,60+,0.8
794,Lekha Ghosh,Female,1977-07-16,Ahmedabad,Silver,2024-02-08,49,46-60,2.5
795,Yauvani Krishnamurthy,Female,1977-07-11,Lucknow,Regular,2025-08-24,49,46-60,0.9
796,Qushi Pai,Female,1982-07-02,Jodhpur,Silver,2024-05-28,44,31-45,2.2
797,Zashil Dewan,Male,1980-05-21,New Delhi,Silver,2023-09-02,46,46-60,2.9
798,Hitesh Doctor,Male,1968-12-31,Bengaluru,Silver,2024-01-21,57,46-60,2.5
799,Jyoti Sachdeva,Female,1997-02-03,Ahmedabad,Gold,2025-02-06,29,21-30,1.5
800,Wriddhish Srinivas,Male,1970-01-27,Jodhpur,Silver,2023-06-21,56,46-60,3.1
801,Alka Kohli,Female,1962-07-14,Ahmedabad,Silver,2024-09-02,64,60+,1.9
802,Ekalinga Vala,Male,1962-05-10,Jaipur,Gold,2024-09-01,64,60+,1.9
803,Fiyaz Kuruvilla,Male,2002-02-06,New Delhi,Regular,2024-07-04,24,21-30,2.1
804,Aditya Mander,Male,2003-03-21,Pune,Regular,2023-08-19,23,21-30,3.0
805,Warda Garde,Female,1970-06-18,Pune,Regular,2024-03-13,56,46-60,2.4
806,Hemani Vaidya,Female,1972-06-29,Jaipur,Regular,2025-02-10,54,46-60,1.5
807,Vasana Biswas,Female,1970-12-07,Ahmedabad,Regular,2024-02-15,55,46-60,2.5
808,Abhiram Jain,Male,1984-02-11,Udaipur,Gold,2025-08-26,42,31-45,0.9
809,Falguni Char,Female,1968-07-29,Ahmedabad,Silver,2025-08-18,58,46-60,1.0
810,Zinal Thakur,Female,1994-06-13,Ahmedabad,Silver,2023-04-10,32,31-45,3.3
811,Aadi Sankar,Male,1984-01-31,Surat,Silver,2024-01-30,42,31-45,2.5
812,Tanish Karnik,Male,2002-10-26,Chennai,Silver,2024-05-28,23,21-30,2.2
813,Parth Chaudhari,Male,1979-09-27,Jodhpur,Platinum,2023-09-29,46,46-60,2.8
814,Benjamin Mander,Male,1987-07-07,Jaipur,Silver,2024-08-02,39,31-45,2.0
815,Ijaya Ahluwalia,Female,1992-07-02,Hyderabad,Regular,2025-04-20,34,31-45,1.3
816,Yoshita Amble,Female,1977-06-19,Surat,Gold,2023-08-07,49,46-60,3.0
817,Tara Pathak,Female,1965-05-21,Lucknow,Regular,2024-03-29,61,60+,2.4
818,Leena Wason,Female,1979-08-26,Surat,Silver,2024-01-25,46,46-60,2.5
819,Sneha Jani,Female,1979-03-09,New Delhi,Regular,2025-04-14,47,46-60,1.3
820,Praneel Prabhakar,Other,1985-10-01,New Delhi,Regular,2024-05-30,40,31-45,2.2
821,Pooja Rao,Female,1993-09-13,Jaipur,Regular,2025-06-29,32,31-45,1.1
822,Ishwar Sekhon,Male,1995-10-31,New Delhi,Silver,2025-10-07,30,21-30,0.8
823,Hredhaan Trivedi,Male,1978-08-13,Jaipur,Gold,2023-12-27,48,46-60,2.6
824,Faris Ramachandran,Male,2003-12-30,New Delhi,Silver,2023-01-06,22,21-30,3.6
825,Elijah Sinha,Male,2002-04-03,Lucknow,Gold,2024-04-08,24,21-30,2.3
826,Karan Kapadia,Male,1977-04-12,Lucknow,Platinum,2024-10-10,49,46-60,1.8
827,Suhani Verma,Female,1973-06-25,Lucknow,Regular,2025-10-23,53,46-60,0.8
828,Harita Talwar,Female,1980-05-05,Surat,Regular,2023-08-03,46,46-60,3.0
829,Gunbir Bandi,Male,1995-11-14,New Delhi,Regular,2024-06-27,30,21-30,2.1
830,Frado Banik,Male,1976-10-11,New Delhi,Gold,2024-11-28,49,46-60,1.7
831,Caleb Majumdar,Male,1995-09-04,Udaipur,Silver,2024-01-12,30,21-30,2.6
832,Samaksh Iyer,Male,1983-11-21,Jodhpur,Gold,2025-02-23,42,31-45,1.4
833,Chakradev Mane,Male,1993-04-07,Mumbai,Regular,2024-08-18,33,31-45,2.0
834,Prisha Malhotra,Female,1970-10-10,Hyderabad,Silver,2025-10-22,55,46-60,0.8
835,Netra Agrawal,Other,1972-05-04,Jodhpur,Gold,2024-03-09,54,46-60,2.4
836,Balhaar Thakur,Male,1973-10-31,Hyderabad,Silver,2025-10-05,52,46-60,0.8
837,Jeremiah Savant,Male,2004-01-24,Lucknow,Silver,2024-08-22,22,21-30,2.0
838,Omkaar Shanker,Male,1991-04-06,Bengaluru,Regular,2025-08-12,35,31-45,1.0
839,Wridesh Dada,Male,1972-03-11,Udaipur,Gold,2024-02-12,54,46-60,2.5
840,Ishwar Mutti,Male,1979-02-24,Pune,Silver,2024-01-12,47,46-60,2.6
841,Karan Kothari,Male,1973-07-08,Bengaluru,Silver,2024-02-29,53,46-60,2.4
842,Baljiwan Gokhale,Male,1982-01-13,Hyderabad,Silver,2024-01-12,44,31-45,2.6
843,Gavin Gupta,Male,1983-01-17,Mumbai,Gold,2023-08-01,43,31-45,3.0
844,Kevin Jhaveri,Male,1970-11-27,Udaipur,Regular,2025-06-08,55,46-60,1.2
845,Faras Chhabra,Male,1965-12-26,Ahmedabad,Platinum,2023-03-25,60,46-60,3.4
846,Aarush Basak,Male,1998-10-01,Mumbai,Silver,2024-01-31,27,21-30,2.5
847,Xiti Maharaj,Female,1982-09-04,Jodhpur,Gold,2025-11-14,43,31-45,0.7
848,Rushil Kapadia,Male,1994-05-07,Ahmedabad,Regular,2023-05-17,32,31-45,3.2
849,Waida Zachariah,Female,1962-01-21,Surat,Gold,2024-01-05,64,60+,2.6
850,Vasudha Dara,Female,1992-01-05,Udaipur,Silver,2024-05-04,34,31-45,2.3
851,Abha Kade,Female,1977-08-31,Hyderabad,Regular,2023-04-18,48,46-60,3.3
852,Leela Grover,Female,1985-04-11,Udaipur,Regular,2023-09-10,41,31-45,2.9
853,Onveer Pau,Male,1968-11-12,Ahmedabad,Gold,2024-03-27,57,46-60,2.4
854,Quincy Patla,Male,1999-01-13,Pune,Gold,2023-10-25,27,21-30,2.8
855,Dominic Karnik,Male,1997-03-25,Chennai,Silver,2025-02-06,29,21-30,1.5
856,Tarak Raj,Male,1969-05-31,Jodhpur,Regular,2025-05-02,57,46-60,1.3
857,Warjas Andra,Male,1968-07-15,Surat,Regular,2024-06-16,58,46-60,2.1
858,Widisha Mital,Female,1971-11-20,Lucknow,Gold,2025-07-03,54,46-60,1.1
859,Rushil Chaudhary,Male,1991-08-31,Bengaluru,Gold,2023-03-05,34,31-45,3.4
860,Vyanjana Char,Female,1980-10-31,Jodhpur,Regular,2023-12-23,45,31-45,2.6
861,Pranit Kurian,Male,1976-01-29,Hyderabad,Regular,2024-03-14,50,46-60,2.4
862,Hardik Yohannan,Male,1968-06-11,Jaipur,Gold,2025-04-11,58,46-60,1.3
863,Nicholas Uppal,Male,1982-07-12,New Delhi,Silver,2025-02-23,44,31-45,1.4
864,Sai Mangat,Female,1981-06-17,Ahmedabad,Gold,2025-10-15,45,31-45,0.8
865,Om Sama,Male,1988-12-30,Pune,Silver,2024-08-31,37,31-45,1.9
866,Chaaya Edwin,Female,1976-01-20,Surat,Gold,2023-11-30,50,46-60,2.7
867,Lila Rana,Female,1972-10-18,Jaipur,Platinum,2024-04-18,53,46-60,2.3
868,Yoshita Seshadri,Female,1979-03-22,Udaipur,Silver,2023-07-15,47,46-60,3.1
869,Dev Keer,Male,1990-05-20,Chennai,Silver,2025-09-28,36,31-45,0.8
870,Henry Ganesan,Male,1978-06-16,Pune,Platinum,2023-04-12,48,46-60,3.3
871,Avi Bal,Male,1995-04-14,Surat,Silver,2024-07-12,31,31-45,2.1
872,Charles Lala,Male,1988-05-28,Jodhpur,Regular,2023-03-31,38,31-45,3.3
873,Nilima Karnik,Female,1971-09-22,New Delhi,Regular,2023-10-30,54,46-60,2.8
874,Dominic Vyas,Male,1998-04-28,Mumbai,Gold,2023-01-31,28,21-30,3.5
875,Nicholas Soni,Male,1981-08-12,Lucknow,Silver,2025-07-16,45,31-45,1.1
876,Vamakshi Deshmukh,Female,2004-03-21,Ahmedabad,Gold,2025-01-12,22,21-30,1.6
877,Vedant Saran,Male,1984-02-23,Pune,Silver,2024-11-12,42,31-45,1.7
878,Prisha Subramaniam,Female,1984-11-15,Mumbai,Regular,2025-05-07,41,31-45,1.2
879,Nikita Pau,Female,1979-02-20,Bengaluru,Silver,2023-06-15,47,46-60,3.1
880,Aadi Virk,Male,1997-04-13,Mumbai,Silver,2025-06-22,29,21-30,1.1
881,Luke Singh,Male,1984-09-01,Mumbai,Silver,2025-01-02,41,31-45,1.6
882,William Mistry,Male,1961-01-01,Lucknow,Silver,2024-04-03,65,60+,2.3
883,Kala Amble,Female,1985-04-05,New Delhi,Silver,2023-07-20,41,31-45,3.0
884,Siya Krish,Female,1967-12-09,Bengaluru,Regular,2025-02-24,58,46-60,1.4
885,Saanvi Kannan,Female,1972-06-04,Bengaluru,Regular,2024-03-25,54,46-60,2.4
886,Laban Mane,Male,1989-10-09,Surat,Regular,2024-07-20,36,31-45,2.0
887,Triveni Guha,Female,1998-12-30,Bengaluru,Regular,2023-07-14,27,21-30,3.1
888,Christopher Shah,Male,1988-05-22,Hyderabad,Silver,2023-10-17,38,31-45,2.8
889,Girindra Nagi,Male,1961-06-18,Pune,Regular,2023-02-22,65,60+,3.4
890,Girik Chaudry,Male,1973-04-14,Jodhpur,Regular,2023-05-14,53,46-60,3.2
891,Aarna Kaul,Female,1964-08-25,New Delhi,Gold,2023-01-16,61,60+,3.6
892,Pavani Salvi,Female,1974-08-12,Surat,Regular,2025-05-01,52,46-60,1.3
893,Vedika Balay,Female,1975-06-14,Udaipur,Regular,2025-06-17,51,46-60,1.1
894,Baghyawati Lata,Female,1995-06-30,Jodhpur,Gold,2023-03-18,31,31-45,3.4
895,Gautam Handa,Male,2000-11-23,Chennai,Silver,2023-09-24,25,21-30,2.9
896,Abha Dara,Female,2004-06-12,Jaipur,Regular,2025-01-31,22,21-30,1.5
897,Vaishnavi Kota,Female,1993-10-13,Ahmedabad,Silver,2023-02-05,32,31-45,3.5
898,Champak Verma,Male,1990-07-24,Bengaluru,Gold,2023-08-10,36,31-45,3.0
899,Nachiket Naidu,Male,1967-09-23,Lucknow,Gold,2025-02-14,58,46-60,1.5
900,Lajita Srivastava,Female,1989-04-28,Hyderabad,Regular,2023-07-31,37,31-45,3.0
